a,b,c,alpha,volume,phi1,PHI,phi2,GrainID,final_discrete_volume,final_conti_volume,phaseID,meshed_conti_volume
10.31484446170707,3.327525963748405,5.3394298004317955,179.3850860595703,1535.3154576650438,301.9422431047291,122.05487925045992,37.42748791462229,0,1505.6076049804688,1535.3154576650436,1,1505.6076049804688
6.383408025421478,2.7581648865893476,7.992929398901838,15.474648475646973,1178.9554988805046,32.800185741741636,51.791909880306626,65.57880181866759,1,1164.0701293945312,1178.9554988805046,1,1164.0701293945312
7.422433177635389,3.5707156638178446,5.243749202024412,179.0485382080078,1164.2924525315939,217.7117763481358,94.9958858822579,76.04231005666655,2,1138.2179260253906,1164.2924525315939,1,1138.2179260253906
3.8737904022283245,4.994947953975466,7.113691767232432,62.61684036254883,1153.1365414804068,358.8680412894827,123.14385017778471,217.23424364379838,3,1140.5868530273438,1153.136541480407,1,1140.5868530273438
5.997780411859229,2.722242038448234,7.129399100641657,9.137024879455566,975.1890807531211,340.3972056228777,89.17213422685828,334.1807952172027,4,1003.60107421875,975.1890807531212,1,1003.60107421875
5.4105455254862225,2.2747536052968997,7.3947173124676215,18.51024055480957,762.4574265564821,337.11402940653255,160.02561053320292,287.7674494867874,5,750.640869140625,762.457426556482,1,750.640869140625
5.00956771335306,2.4559952493865485,6.367430721686402,24.23912239074707,656.3123961904645,148.2609881962378,127.20552926687058,216.8458789728839,6,642.8031921386719,656.3123961904646,1,642.8031921386719
5.131051483645169,2.323479008781034,6.369629272143378,19.892616271972656,636.1768868571652,142.6840792296451,274.18891813114965,4.605542689762361,7,626.5296936035156,636.1768868571652,1,626.5296936035156
5.085905799907157,2.1546270137339336,6.4685719797125545,26.45234489440918,593.8372449302752,354.32597175981863,186.6624235398234,19.830362718382062,8,587.3908996582031,593.8372449302752,1,587.3908996582031
2.293663654154014,5.402199973853115,5.402199973853115,90.55533599853516,560.7762997619501,79.3102394955595,105.6926988004853,282.32320449702695,9,554.0199279785156,560.7762997619501,2,554.0199279785156
2.4905092582027226,4.949583516945362,4.949583516945362,79.01773071289062,511.1449553268614,257.208011350462,58.862799913900524,138.19345701132383,10,506.95037841796875,511.1449553268614,2,506.95037841796875
4.512528821048453,1.703566997853397,7.611056264835108,165.229736328125,490.16550439004425,44.33354098512205,170.58960527720754,327.46384451468754,11,487.8959655761719,490.1655043900442,1,487.8959655761719
5.379797441640583,3.7987379643476515,2.7587680992313137,23.343021392822266,472.3229644110601,164.1087992842841,340.76250685904427,92.4211906794806,12,462.9707336425781,472.3229644110602,1,462.9707336425781
2.5412469648945684,4.705959338018963,4.705959338018963,81.7051010131836,471.47841901356395,325.34953114198635,151.44393871021992,6.076821901005851,13,474.40338134765625,471.47841901356384,2,474.40338134765625
5.497320566254922,3.646037947887552,2.722916646472612,22.476490020751953,457.2199788407967,31.622505604808268,110.13712812038312,253.75216606968104,14,467.5025939941406,457.2199788407966,1,467.5025939941406
3.556143591144063,2.4991804797455983,5.8777095601489515,14.466864585876465,437.6265237485404,169.0092847258695,118.85603629257078,10.431151189746274,15,444.9462890625,437.62652374854036,1,444.9462890625
6.475159514352335,2.140975370136916,3.6759128680217206,179.53578186035156,426.9194648281087,59.9299810436466,262.8807909256522,183.81057454596655,16,439.0754699707031,426.9194648281087,1,439.0754699707031
3.4495732697704895,2.4643765660475156,5.958452714657314,19.37746238708496,424.3503321722284,14.349357687029833,268.9908311163796,42.673446613504325,17,425.1708984375,424.3503321722284,1,425.1708984375
3.3511940859414877,2.651753520895149,5.295030193008245,15.771578788757324,394.202869159322,247.70282950385928,306.2146679529682,33.930585932488306,18,393.85986328125,394.202869159322,1,393.85986328125
4.9932652945695075,2.5695579175560717,3.5381185197056206,22.969457626342773,380.30675007123136,76.31232271639794,282.81628782586495,154.07881722089232,19,376.1444091796875,380.3067500712313,1,376.1444091796875
5.825055385990968,1.9389945514796263,3.9861545296183856,6.424576282501221,377.1806317516199,17.011028947753086,155.92652451586997,310.2092600427921,20,371.2005615234375,377.1806317516199,1,371.2005615234375
2.0733011250405813,4.542874217173009,4.542874217173009,74.08560180664062,358.46141338029923,5.88171335512349,2.323484599944383,283.5999871866108,21,351.9401550292969,358.4614133802992,2,351.9401550292969
7.963189801824953,1.346536741024955,3.628624190683588,172.376220703125,325.9611727032309,257.63455960091153,59.355900806679564,30.104865061005164,22,348.2322692871094,325.96117270323083,1,348.2322692871094
1.3471791868957637,5.199828578383646,5.199828578383646,86.61039733886719,305.15607675576973,20.470233062514858,96.12588141388862,52.541756004595086,23,305.2825927734375,305.1560767557698,2,305.2825927734375
1.625287759681405,4.636128594205769,4.636128594205769,82.58152770996094,292.65760684969064,216.65622025477242,38.97425772164524,43.50090486786968,24,301.36871337890625,292.6576068496907,2,301.36871337890625
1.8248240670694442,4.368064601109511,4.368064601109511,83.30577087402344,291.6874276212277,83.30120249261128,167.76770790493396,221.2807860826652,25,284.88922119140625,291.68742762122776,2,284.88922119140625
2.131625559229469,3.0745894420389837,5.010686979574441,57.252723693847656,275.1147836822076,16.494047551045124,230.51695070427905,126.43724281435955,26,260.16998291015625,275.1147836822076,1,260.16998291015625
1.9611385914802222,4.020786559060173,4.020786559060173,112.38426208496094,265.61275700942093,23.060979410198694,38.935928974298065,339.0298900893305,27,259.0370178222656,265.61275700942093,2,259.0370178222656
4.6980164741069395,2.1418484909757707,3.0964083029849494,177.8495330810547,261.0238014797065,245.47391603886874,63.1054991999074,256.05430281191843,28,258.72802734375,261.02380147970655,1,258.72802734375
3.079351678499888,1.5201984700038207,6.395686460411435,175.10980224609375,250.82184117019276,38.74081357093194,210.14519997505772,17.526341997888718,29,249.664306640625,250.8218411701927,1,249.664306640625
2.9038723670205457,2.1763426303320226,4.568698967669675,3.268125534057617,241.88890102834952,277.40587155540555,333.89270605388003,226.80760555027274,30,237.7166748046875,241.88890102834955,1,237.7166748046875
4.200231247041074,1.820455245914994,3.714161296368894,8.762507438659668,237.92088861957436,246.030340918859,312.3906896012358,195.50842319687646,31,238.84963989257812,237.92088861957436,1,238.84963989257812
4.188627482446676,1.785508650571377,3.7161058626575554,13.15677261352539,232.8307724382211,6.22875997535596,213.08879873263155,161.28793025936272,32,233.69979858398438,232.8307724382211,1,233.69979858398438
3.298587703852224,1.7387756808350316,4.690912974660708,23.51621437072754,225.39671077789316,301.53487698747324,44.10118645020334,121.70548843498437,33,227.51998901367188,225.3967107778932,1,227.51998901367188
1.2921357682388388,4.559529366178413,4.559529366178413,86.94491577148438,225.04366286009338,309.69045577522206,127.61582300441562,151.42213044037737,34,199.09286499023438,225.04366286009335,2,199.09286499023438
2.22971105351753,2.572391302540937,4.572627785273296,84.77833557128906,219.72024534514935,353.1762715699083,79.07367337006355,335.5925737905239,35,217.83828735351562,219.7202453451494,1,217.83828735351562
5.4578261353846065,1.7244414739814584,2.728305873044044,176.8762664794922,215.11951937414318,37.23195441000897,142.29634190723684,28.996693543997022,36,211.14349365234375,215.11951937414324,1,211.14349365234375
3.1456573908899816,1.9266287457889844,4.191222934516897,178.1075897216797,212.7986274189681,40.965789503708834,0.020164879390232038,183.77035448830497,37,223.7091064453125,212.7986274189681,1,223.7091064453125
2.027642998469535,3.674388828701851,3.3821087443181863,114.48262786865234,211.09734765284725,194.19012625877727,342.0991073165721,289.80264715020786,38,210.42251586914062,211.09734765284728,1,210.42251586914062
1.2872091829594379,4.339139965985848,4.339139965985848,64.34638214111328,203.03693686727357,111.05536183676939,98.64273068009253,162.00006177092143,39,200.225830078125,203.03693686727357,2,200.225830078125
1.4273601216152345,4.104868057995268,4.104868057995268,86.10562133789062,201.48864137774478,159.60525536188015,173.4752811014333,91.83707507493064,40,200.32882690429688,201.4886413777448,2,200.32882690429688
2.0609148821911623,2.4856953611460213,4.468692701395679,51.0317497253418,191.7816508553655,213.15934591558107,338.8431192719174,201.62970526220283,41,189.9261474609375,191.7816508553655,1,189.9261474609375
3.014903287530114,1.7217507706421278,4.067596140589614,179.3197021484375,176.88870519075417,214.83776818420964,345.98531340723287,358.032751034658,42,175.0946044921875,176.88870519075417,1,175.0946044921875
5.447412646056006,1.355767524405822,2.858734680479011,35.877891540527344,176.87561247204923,231.03150302114628,163.5661629949485,211.74875622362555,43,178.49349975585938,176.87561247204926,1,178.49349975585938
3.3225177244503725,1.5064753909675601,4.115019747017164,179.56793212890625,172.5519520185929,349.8911362757364,121.578962104233,79.30943648050601,44,150.787353515625,172.5519520185929,1,150.787353515625
0.9047457335815163,4.565310432850932,4.565310432850932,87.452392578125,157.9740589733546,201.04781191167876,178.43541761730674,271.910481510802,45,159.95407104492188,157.97405897335463,2,159.95407104492188
1.1823338211336794,3.977288337399115,3.977288337399115,56.58218002319336,156.68696605673728,222.60505447385887,100.28699510131995,166.96418953382516,46,153.46527099609375,156.68696605673728,2,153.46527099609375
2.313137049508153,1.7265366612219863,4.62636131088242,1.577209234237671,154.7872989061881,55.17806872541709,151.67347588465677,228.08100029212855,47,152.22930908203125,154.7872989061881,1,152.22930908203125
4.539348050352199,1.653055992237613,2.38903858321214,177.83473205566406,150.1837056814016,128.50271084728672,205.71952833898234,78.2174521319784,48,148.21243286132812,150.1837056814016,1,148.21243286132812
5.087040819151078,1.3291468004683429,2.6360619979141715,176.82102966308594,149.31808033428877,219.05142722333835,289.15735053507456,148.934004938323,49,148.3154296875,149.31808033428874,1,148.3154296875
2.8109459306929727,1.4668696911216814,4.139513345249033,27.72825050354004,142.9920587657624,347.0466353364974,340.59864781431736,166.15924159826076,50,142.34161376953125,142.99205876576238,1,142.34161376953125
3.8056510225368654,2.340035567418636,1.8851022452543158,30.401620864868164,140.63872976558133,278.798219812167,46.07873550316424,223.09224974306235,51,144.71054077148438,140.63872976558133,1,144.71054077148438
1.6935862842851914,3.128005741161255,3.128005741161255,85.89813232421875,138.8228690755026,50.545989268107704,97.9721108596108,197.2927644227019,52,150.89035034179688,138.82286907550258,2,150.89035034179688
2.5249201350602544,1.5787100555818778,3.6914535243204893,162.22251892089844,123.27245093207965,162.435477392402,68.71314880470452,122.80537296488654,53,121.63925170898438,123.27245093207968,1,121.63925170898438
2.7088205021204073,1.1034659738656196,4.852764385919384,15.25301456451416,121.51978274726211,329.3766462903532,42.022266229833534,154.4644209334505,54,114.63546752929688,121.51978274726211,1,114.63546752929688
1.0869271085089962,3.6135773058295944,3.6135773058295944,113.21398162841797,118.90325003569818,94.45209052014022,20.229299465342134,95.97138697495315,55,112.36953735351562,118.90325003569816,2,112.36953735351562
1.8072719538732789,2.218043706651381,3.5271575154417802,95.81419372558594,118.45054641891663,168.33753614948645,52.16120029772052,69.72946673734403,56,119.476318359375,118.45054641891663,1,119.476318359375
1.4358661427913308,3.1357516135706245,3.1357516135706245,80.33380126953125,118.28124003292636,106.59313133576865,9.62361774334573,284.6934043614844,57,116.69540405273438,118.28124003292636,2,116.69540405273438
1.7706347513397345,2.7800880917353825,2.7800880917353825,82.25202941894531,114.64753025713527,269.2535910390791,164.93898345260064,7.87992099800412,58,120.09429931640625,114.64753025713526,2,120.09429931640625
3.5784465868240343,1.5862263884209111,2.3187564016362483,35.5535774230957,110.2639231880616,346.7919077706403,5.075298348820643,299.3694288202235,59,107.32269287109375,110.26392318806161,1,107.32269287109375
2.1348480071629004,1.667913995901318,3.471241313386201,2.1205806732177734,103.54855059270994,252.71420996177568,211.31332691601176,317.99537744450504,60,101.348876953125,103.54855059270994,1,101.348876953125
2.9857585744836963,0.9625682273661863,4.186492479382032,30.845998764038086,100.79874636772118,4.389832932365616,151.72493304356323,142.7818331383895,61,99.80392456054688,100.7987463677212,1,99.80392456054688
3.5755096914146236,1.4992606008369609,2.215051490911166,23.702388763427734,99.47581799089623,325.8590473450524,341.8889819412335,56.2990844454633,62,109.48562622070312,99.47581799089622,1,109.48562622070312
3.647617286101917,1.6368326728278446,1.9590354492497348,20.773229598999023,97.98835124570017,157.73625858755724,89.016606675341,279.55907442535073,63,101.03988647460938,97.98835124570019,1,101.03988647460938
3.074017958525039,1.8125818304962211,2.0573352593928655,141.32235717773438,96.03459226376182,30.76152867972764,286.428474217464,3.6190454055428534,64,89.19525146484375,96.03459226376184,1,89.19525146484375
1.4149623355557657,2.8221207041860095,2.8221207041860095,78.75204467773438,94.409273238679,355.2041490790999,50.343201748866484,217.42136303086215,65,94.757080078125,94.40927323867899,2,94.757080078125
0.9564463521477683,3.4131095938535965,3.4131095938535965,86.84719848632812,93.34255561298966,107.21347588458987,82.76670793565519,302.3830142729402,66,91.8731689453125,93.34255561298966,2,91.8731689453125
3.161721943853326,2.1537302387761246,1.5500812532364272,160.4316864013672,88.42764274877288,143.47572441281915,61.937428969311995,7.501289069728654,67,84.97238159179688,88.42764274877287,1,84.97238159179688
1.4771819408211557,2.6706923331609125,2.6706923331609125,120.17706298828125,88.26739586963798,288.76399192913806,27.295386590942616,52.821366812696695,68,88.9892578125,88.26739586963798,2,88.9892578125
1.000702167930706,3.1628456091201484,3.1628456091201484,84.44425964355469,83.86474508754677,272.2100033573287,81.63730627562686,44.276853358024056,69,84.97238159179688,83.86474508754675,2,84.97238159179688
1.0728618016796996,2.996118510886983,2.996118510886983,82.84378814697266,80.68268890087509,174.78152754617568,156.27264849287016,83.64668747734392,70,61.489105224609375,80.68268890087508,2,61.489105224609375
2.511206233822148,1.9405816482450085,1.9405816482450085,223.66893005371094,79.22547027129244,58.262304445581535,59.195791550637864,182.67472940846187,71,82.08847045898438,79.22547027129245,2,82.08847045898438
1.4123296321161118,2.4148194837409354,2.4148194837409354,79.88359832763672,68.99601670023858,262.84172325222903,81.6510857437957,118.54916213692482,72,67.77191162109375,68.9960167002386,2,67.77191162109375
1.2122227873788864,2.566469635785351,2.566469635785351,60.40775680541992,66.89186574784229,273.42288584328963,3.457304179611125,219.6506033662772,73,70.65582275390625,66.89186574784227,2,70.65582275390625
0.9003752093305014,2.96273725051931,2.96273725051931,118.49470520019531,66.21073508607729,290.56543080738675,85.96683141372763,24.83775234988943,74,67.1539306640625,66.21073508607729,2,67.1539306640625
2.3577746427710187,1.6136170066221267,2.0743125136436653,151.12918090820312,66.11432181364997,337.03590988914743,274.60994301910284,30.844623325751122,75,64.78500366210938,66.11432181364997,1,64.78500366210938
1.8639581983998428,2.0273822354621793,2.0273822354621793,127.47794342041016,64.18389179057078,150.21809612340266,37.68542980844777,198.93818826075918,76,64.27001953125,64.18389179057078,2,64.27001953125
1.901944631878561,1.153889743090699,3.4794640508353956,175.37454223632812,63.97247328424258,239.30727681085335,237.52588718399502,350.3076034471928,77,65.71197509765625,63.97247328424257,1,65.71197509765625
0.9807058273147174,2.7614511060274807,2.7614511060274807,90.62576293945312,62.651587079162205,81.73749532433261,124.94951554221534,200.32572418248915,78,62.931060791015625,62.651587079162205,2,62.931060791015625
2.3634497389906213,0.9244230274410443,3.3859740658797293,16.236183166503906,61.97540288361968,203.14834399040888,209.76921992973112,141.2950250040749,79,62.82806396484375,61.97540288361968,1,62.82806396484375
0.6774915296024049,3.28145303854737,3.28145303854737,101.93775177001953,61.11599145280779,98.1301441256173,99.67370608198057,154.59333310168432,80,62.107086181640625,61.1159914528078,2,62.107086181640625
3.075129134417053,1.271555833200001,1.758689562480828,179.33074951171875,57.61115518299439,256.6444391045485,227.91523370343128,33.15898856352132,81,58.0902099609375,57.61115518299439,1,58.0902099609375
0.609720728392497,3.2762434553887956,3.2762434553887956,87.16015625,54.82793605194305,79.7288754552959,103.97586101772993,138.16543551795857,82,53.558349609375,54.82793605194304,2,53.558349609375
0.6910261326188347,3.0684410742073362,3.0684410742073362,99.86748504638672,54.50654465671398,202.9779014321756,5.910094513009847,231.13543755989727,83,46.863555908203125,54.50654465671397,2,46.863555908203125
3.4499623327190556,1.5595660201800639,1.1979004558467625,11.328400611877441,53.995485782646085,242.78440843706514,286.6466941720067,245.5588519901652,84,53.249359130859375,53.995485782646085,1,53.249359130859375
2.269324701147377,0.858799878307506,3.054508852218249,162.96348571777344,49.87106097422681,171.31185160829392,110.1516193161715,181.10011019895913,85,45.009613037109375,49.8710609742268,1,45.009613037109375
1.734338735817992,1.3993178797450558,2.3590287663246814,2.999729633331299,47.96253720530631,19.342282093577992,312.2349274169482,163.7554975351739,86,47.481536865234375,47.96253720530631,1,47.481536865234375
0.664953947699914,2.918127096034431,2.918127096034431,90.58147430419922,47.43714903258276,179.3838604354122,54.24828776909686,141.35823891341533,87,45.52459716796875,47.43714903258276,2,45.52459716796875
1.3876663338303687,1.5546847561925798,2.577090048833553,53.48668670654297,46.57743744285551,341.64535505172194,126.1669271310296,203.819681616839,88,45.7305908203125,46.57743744285552,1,45.7305908203125
0.7268382321750027,2.753556685751076,2.753556685751076,97.728759765625,46.1683561254759,143.73220296699498,131.39193054894355,29.75591964771183,89,42.8466796875,46.1683561254759,2,42.8466796875
1.0491529944020148,3.388648964059057,1.5373979188312012,131.520751953125,45.78996379600724,111.44243960958212,172.51171893767648,328.5004004385283,90,44.803619384765625,45.78996379600724,1,44.803619384765625
1.924255575342501,0.8336475074582563,3.322819315027174,178.69798278808594,44.65504597291385,180.6897468125432,54.51252108873688,290.93721127638224,91,47.481536865234375,44.65504597291385,1,47.481536865234375
1.197190027084344,2.1036359241198457,2.1036359241198457,80.98802947998047,44.38363345895362,214.3880182265863,143.28468298722473,29.649861515262202,92,47.481536865234375,44.38363345895362,2,47.481536865234375
1.340336144898656,1.9505527109326806,1.9505527109326806,73.66426086425781,42.721620355497095,49.344139470840716,128.8682110530982,103.0944882671251,93,39.035797119140625,42.721620355497095,2,39.035797119140625
1.3439377210506926,1.9470872878893468,1.9470872878893468,70.89672088623047,42.68434204471205,188.38656412368925,109.82987781949753,244.99217610432729,94,40.16876220703125,42.684342044712054,2,40.16876220703125
1.6423172114651483,0.9636318111708637,3.201930787914536,18.753738403320312,42.4520549537981,176.57082616560328,75.82763354666228,138.5156045807113,95,44.391632080078125,42.45205495379809,1,44.391632080078125
1.0147775041064393,2.232295029472137,2.232295029472137,101.76421356201172,42.36357676291892,293.4170792370609,88.90857666170213,82.2357969425088,96,43.2586669921875,42.36357676291891,2,43.2586669921875
1.0347950388130112,1.5723842818580707,3.0770261361404176,130.6317901611328,41.943321735083046,57.068665092610345,28.874830850884802,182.30694235110116,97,38.005828857421875,41.94332173508305,1,38.005828857421875
0.6697015186070662,2.7336696271646583,2.7336696271646583,80.65695190429688,41.926821907283355,69.26913047361127,152.68777350212892,91.7396157380804,98,41.81671142578125,41.92682190728335,2,41.81671142578125
1.6590325365491736,1.0621459180943829,2.8138271047188304,166.0736083984375,41.53891050262281,105.09068620290188,210.60688723758068,186.9653096173441,99,42.4346923828125,41.53891050262281,1,42.4346923828125
1.1252724222804946,2.0883750435021047,2.0883750435021047,120.92512512207031,41.114334960852226,305.0770251284107,170.3324060522779,58.606947387275476,100,36.769866943359375,41.11433496085223,2,36.769866943359375
1.2857244612208916,1.9404243956621978,1.9404243956621978,58.54110336303711,40.55645284700226,255.86214087950344,116.008561494208,13.845076627034413,101,41.919708251953125,40.55645284700226,2,41.919708251953125
1.2889061294532451,1.700812901475268,2.2033285341423805,52.32829284667969,40.46464124105109,121.90501532903875,160.6506696319324,104.23614019490398,102,40.374755859375,40.46464124105109,1,40.374755859375
1.7234729797349786,1.1767086824133093,2.359393868566634,30.9935302734375,40.08597842398768,146.33070556932321,285.3280707998564,40.265893671203514,103,39.859771728515625,40.08597842398768,1,39.859771728515625
1.0720144165222678,2.10558502352171,2.10558502352171,124.03511047363281,39.81665724735047,146.52651787877414,4.8422796022738,296.8872656988228,104,40.065765380859375,39.81665724735047,2,40.065765380859375
1.0499104939074189,2.116424665457397,2.116424665457397,122.23153686523438,39.39821175479755,265.68611385723403,108.1063823334377,39.63037496041351,105,39.653778076171875,39.39821175479755,2,39.653778076171875
1.790985241424712,1.1037993077099286,2.358504923977532,177.94915771484375,39.060474674843036,0.22375100737730858,27.092337513191783,213.70267626227627,106,42.022705078125,39.060474674843036,1,42.022705078125
1.5877899256838142,1.0913778675315051,2.6476420885882797,154.46875,38.436697486021835,84.57053617251239,168.73998132385742,188.9472524185771,107,35.945892333984375,38.43669748602183,1,35.945892333984375
0.8356285872289471,2.3086582840088017,2.3086582840088017,64.9972152709961,37.31222993868249,280.63564412876843,56.47545250234397,13.219435544145739,108,37.69683837890625,37.31222993868249,2,37.69683837890625
1.0199272896522966,2.0850481389793694,2.0850481389793694,80.67204284667969,37.146678724694475,356.50399089893955,10.490385162618296,134.73801874853706,109,36.357879638671875,37.146678724694475,2,36.357879638671875
1.4894797172656842,1.7223101432471675,1.7223101432471675,51.62775421142578,37.01484347533168,81.60209805878843,87.81349966477474,356.66529661726423,110,38.3148193359375,37.01484347533169,2,38.3148193359375
1.068412272671376,2.0200842774493353,2.0200842774493353,60.46268844604492,36.5255235706306,204.44934126255689,12.376056801866792,200.70942194446866,111,30.8990478515625,36.5255235706306,2,30.8990478515625
2.114188121201996,1.470425472899422,1.37772918401898,163.41842651367188,35.88137762743606,222.88022591734048,235.41704377162802,257.34096706986423,112,36.151885986328125,35.88137762743606,1,36.151885986328125
0.9768907963932338,2.065578339051312,2.065578339051312,110.39806365966797,34.91788773081039,131.21791573589974,155.43253966407102,224.2621403681083,113,34.60693359375,34.91788773081039,2,34.60693359375
1.2466146463247785,1.8137058742289467,1.8137058742289467,122.38895416259766,34.35457254435064,144.67501038509099,148.22165349949682,227.63012807634058,114,27.500152587890625,34.35457254435064,2,27.500152587890625
0.8267454247802377,2.2264886055840982,2.2264886055840982,62.815757751464844,34.33454993744871,271.10558307973736,51.62549337042413,3.677425876961644,115,34.1949462890625,34.33454993744872,2,34.1949462890625
1.2174968989739694,2.0524540876905073,1.5232462384529049,115.99697875976562,31.888202112027987,190.97952431059232,234.48337228528698,234.40846192433102,116,32.238006591796875,31.888202112027987,1,32.238006591796875
2.813414474547081,1.244435155804296,1.041033483891265,140.2300567626953,30.534393106463167,72.82096811294106,49.665906062144096,220.03445340191504,117,31.620025634765625,30.534393106463174,1,31.620025634765625
2.387752737736447,1.107251957529027,1.3669666048866356,162.87461853027344,30.27696356763337,115.80603306375829,28.337486152114394,19.812444323566677,118,26.16119384765625,30.276963567633373,1,26.16119384765625
1.1067226729632973,1.7913148852264642,1.7913148852264642,77.88755798339844,29.75098039245717,326.60974154322935,25.02417989724583,307.29454135711507,119,28.324127197265625,29.750980392457173,2,28.324127197265625
3.0451510394516252,0.4712596873030592,2.448320075497893,179.34210205078125,29.43445018399557,310.8862577869062,211.3336817954842,83.96065149205374,120,28.839111328125,29.43445018399557,1,28.839111328125
1.6676997842000647,0.7086237563398688,2.95463751503367,148.60655212402344,29.252055792755904,175.37649788320903,4.17460684459646,236.56232487481145,121,25.852203369140625,29.2520557927559,1,25.852203369140625
2.40723010698257,1.0064519165497292,1.418303154907287,14.872239112854004,28.787126190973513,48.018731327681564,123.60783635063054,91.91123025766811,122,28.118133544921875,28.787126190973517,1,28.118133544921875
2.6898589819004473,0.9166923882842818,1.3837851190322386,7.426385402679443,28.585144931721857,217.14280739921836,131.65794155984833,65.83851745484428,123,25.234222412109375,28.585144931721857,1,25.234222412109375
2.678913937210698,0.909906210789141,1.3982542796209287,175.4009246826172,28.55355279462862,86.18355302505304,222.65210035468024,267.44005181868005,124,28.22113037109375,28.55355279462862,1,28.22113037109375
2.5711372557704366,1.0209131933303268,1.296962218494838,9.872282981872559,28.52068864226455,57.00458309313292,26.190143917143075,211.43341917210043,125,29.2510986328125,28.52068864226455,1,29.2510986328125
1.6250224550832095,1.0135476791537485,2.0461917040080486,178.13021850585938,28.233744132629358,44.854614624990106,163.8465818036406,176.11394082740605,126,25.74920654296875,28.23374413262936,1,25.74920654296875
0.9721282760829023,1.857187632623212,1.857187632623212,78.2347640991211,28.09012982592559,139.68481418333977,129.935247644,166.1355227289253,127,30.8990478515625,28.090129825925594,2,30.8990478515625
0.849709884242657,1.9823116772059672,1.9823116772059672,97.93550872802734,27.972620522932395,246.9516880420341,108.68344040458497,133.383019273912,128,27.39715576171875,27.972620522932395,2,27.39715576171875
1.153160817760992,1.6829419307555937,1.6829419307555937,48.408042907714844,27.36193107523465,354.39775158696546,129.84149463999555,351.66934469461836,129,26.882171630859375,27.36193107523465,2,26.882171630859375
1.2278582546243935,1.5974232075528139,1.5974232075528139,102.10855865478516,26.248640718454936,126.82046656675176,156.4643609638954,230.42865367087597,130,25.440216064453125,26.248640718454936,2,25.440216064453125
2.0963693787769735,1.1172921848605226,1.3152173305924724,179.340087890625,25.80778287849078,161.48511495125467,60.714505474639736,124.0792968094186,131,25.74920654296875,25.80778287849078,1,25.74920654296875
2.064208670947361,1.0575821869997464,1.4056436315178407,145.66639709472656,25.70760152553589,294.2505842990912,85.81330712353507,89.04683514657928,132,26.058197021484375,25.707601525535893,1,26.058197021484375
0.8534120377084891,1.8915266009591216,1.8915266009591216,98.95978546142578,25.58010223821182,240.72754789564385,45.57063995128468,227.04233929120284,133,25.646209716796875,25.580102238211825,2,25.646209716796875
2.0031889918283032,1.0378507725160502,1.4661871076399078,176.1634063720703,25.536703805031955,104.89837955654608,177.93287082051174,263.8463536784291,134,21.21734619140625,25.53670380503195,1,21.21734619140625
0.9934535997182394,1.7362554763851261,1.7362554763851261,123.25581359863281,25.089583383982042,294.0735521853664,86.36414412919332,240.1906741864596,135,24.71923828125,25.089583383982042,2,24.71923828125
0.9175283248481395,1.7971612372672983,1.7971612372672983,126.30104064941406,24.826309809667467,92.28974943885981,100.0755598788723,178.96219931515816,136,22.6593017578125,24.826309809667464,2,22.6593017578125
2.218567503461513,1.2707938867202335,1.0480339225304447,38.330989837646484,24.753790400565194,75.36199287489556,172.8823333142321,312.23676522329475,137,24.822235107421875,24.753790400565197,1,24.822235107421875
0.3807530436904289,2.7580085801712952,2.7580085801712952,94.4167251586914,24.263486965633373,160.48395812685945,61.16073876226769,352.372012688126,138,19.775390625,24.263486965633373,2,19.775390625
0.8960641042263007,1.1260705122540249,2.8499722266721466,53.805850982666016,24.09150320077331,131.24912339072188,261.65649791567864,146.47231484460156,139,19.98138427734375,24.09150320077331,1,19.98138427734375
0.7377539457572482,1.9644005891005458,1.9644005891005458,68.55436706542969,23.8501029096827,267.96423775029,78.57160491011868,234.67754880058362,140,20.496368408203125,23.8501029096827,2,20.496368408203125
2.3755139073563534,1.465250519370997,0.8126620315498599,138.21607971191406,23.69725466719153,134.8314155653643,133.90436017326218,201.27128794041138,141,23.380279541015625,23.69725466719153,1,23.380279541015625
0.7843988748628445,1.8785162678352028,1.8785162678352028,91.53069305419922,23.189185130616128,338.4593568481669,79.98830741681073,317.7979810594562,142,21.732330322265625,23.189185130616128,2,21.732330322265625
0.7832281852075405,1.8317068479863958,1.8317068479863958,98.23052215576172,22.015008154968374,351.3988382940467,71.67358645811284,121.1410534594635,143,19.56939697265625,22.015008154968374,2,19.56939697265625
1.849472983650863,0.6966388765808726,2.002903277320876,15.232797622680664,21.618934257624286,155.558412279163,315.37965450750477,324.986854618967,144,21.320343017578125,21.61893425762429,1,21.320343017578125
2.5864795065573816,0.8677845642347688,1.1341504295997196,7.420105457305908,21.32604047515752,109.74615195194701,159.11949319312484,272.6950877498912,145,22.247314453125,21.32604047515752,1,22.247314453125
0.443669049871963,2.3687177951312517,2.3687177951312517,110.12188720703125,20.85472099577932,54.48760149910505,157.451688140107,105.74712701858921,146,16.27349853515625,20.854720995779328,2,16.27349853515625
1.462305865410569,0.9450115725791817,1.762499325005552,165.49539184570312,20.404356987315133,57.06343686166073,149.16142633337608,187.1447414061115,147,20.39337158203125,20.404356987315133,1,20.39337158203125
1.6063864155400658,0.705115613957703,2.1492299062913047,164.36085510253906,20.394442342656983,225.2640862032932,38.0000440836972,154.05996194563966,148,21.62933349609375,20.39444234265698,1,21.62933349609375
2.081225633356296,1.1873521843946246,0.9768786703759702,174.93699645996094,20.223576113586223,336.6292161202454,231.60093323706062,11.10633499470743,149,21.42333984375,20.223576113586223,1,21.42333984375
1.2221402971412452,1.3930308041598585,1.3930308041598585,119.75415802001953,19.868318315809784,331.282542803453,22.87333267240343,159.86489710681406,150,19.672393798828125,19.868318315809784,2,19.672393798828125
0.5454149244517819,2.064307639781067,2.064307639781067,67.88748931884766,19.47127821535445,107.05383010397249,15.700112465767035,340.72549328248783,151,20.496368408203125,19.471278215354445,2,20.496368408203125
2.02412421173384,1.0662228474209325,1.0662228474209325,218.68405151367188,19.27754536252448,13.165869079256115,83.15787822116451,47.8429630210455,152,17.92144775390625,19.27754536252448,2,17.92144775390625
0.663295368187051,1.853693635404181,1.853693635404181,80.6975326538086,19.094200877774806,131.4291494550334,146.7966199322608,184.84246476757772,153,19.054412841796875,19.094200877774806,2,19.054412841796875
2.051319068446587,0.8030582846755155,1.3693953284961469,175.13043212890625,18.898517228031494,49.48071327613289,140.43455497449307,266.2588286070725,154,19.3634033203125,18.898517228031494,1,19.3634033203125
1.997498189273715,0.7977484080525731,1.377626002950602,19.57306671142578,18.390870108346057,298.6540612465045,341.04293577353525,167.60116035492197,155,15.655517578125,18.390870108346057,1,15.655517578125
0.3727422451487674,2.409063963516887,2.409063963516887,72.30191802978516,18.12274101339447,89.72147977807116,81.01034294553413,292.4552623575926,156,19.260406494140625,18.122741013394467,2,19.260406494140625
1.1269753296122786,1.507824621912734,1.2692620701379929,62.862632751464844,18.069042813643442,169.66517949396493,317.23083685071555,190.9462350190853,157,16.8914794921875,18.069042813643442,1,16.8914794921875
0.5838858415949295,1.9023741906787777,1.9023741906787777,60.71730422973633,17.70265639566313,107.34353546712859,167.99923057119116,67.89265458550956,158,14.21356201171875,17.702656395663134,2,14.21356201171875
0.6438916578673527,1.7851135321683584,1.7851135321683584,88.14288330078125,17.189493807332582,336.7172237183334,65.26711763646195,18.463493559072823,159,14.316558837890625,17.18949380733258,2,14.316558837890625
0.5124601005406233,1.9959476144679988,1.9959476144679988,100.70814514160156,17.103182885346847,313.0431238802825,65.42043361522826,155.1832662668003,160,16.994476318359375,17.103182885346847,2,16.994476318359375
1.1053694681261392,1.3311702684202003,1.3311702684202003,77.08003234863281,16.4094221479253,67.15798886430476,20.69626127634503,106.33661457949441,161,15.140533447265625,16.409422147925305,2,15.140533447265625
1.6538691262307983,1.084169416704786,1.084169416704786,195.6663360595703,16.285985704617207,159.5702731515566,178.48324464831268,193.7078782581958,162,16.170501708984375,16.285985704617207,2,16.170501708984375
1.0996860456566646,1.3246613171992083,1.3246613171992083,96.07245635986328,16.16579352566398,245.44482701872002,135.9190071240822,15.204339916480446,163,11.432647705078125,16.165793525663982,2,11.432647705078125
0.38430347963728567,2.231649177408199,2.231649177408199,57.99300765991211,16.034106649527217,152.78426428636388,87.24756790165134,51.133373613086,164,12.7716064453125,16.034106649527217,2,12.7716064453125
0.7819562559231104,1.5613117887753936,1.5613117887753936,64.2462387084961,15.969096350651112,250.6347807667044,10.4466244050922,359.7337268049444,165,16.4794921875,15.969096350651114,2,16.4794921875
0.40063733474492913,2.1665140600569335,2.1665140600569335,64.62155151367188,15.75408000562827,231.052326241182,175.7313800394005,176.73788410891837,166,15.552520751953125,15.754080005628268,2,15.552520751953125
0.47573873665183813,1.9839843072654892,1.9839843072654892,82.83905029296875,15.687855676154225,103.69616733077903,72.91596221689662,200.42445505186123,167,13.904571533203125,15.687855676154225,2,13.904571533203125
1.3809674873424087,0.754880615969895,1.7474348890223739,9.088685989379883,15.26094176134564,197.20032307208916,281.51224630175693,63.96496100748501,168,15.346527099609375,15.26094176134564,1,15.346527099609375
0.5253173442066674,1.8564182114418548,1.8564182114418548,60.816219329833984,15.16673104271329,269.2539870775166,44.73844301375764,105.3831833711958,169,14.110565185546875,15.16673104271329,2,14.110565185546875
1.6106723526616988,0.9485991454927972,1.162731585540407,176.1575164794922,14.88291523714666,110.00844166178696,303.8664063561306,351.0321951155285,170,16.582489013671875,14.882915237146664,1,16.582489013671875
1.6482937557767088,1.2903507338060443,0.829877395958455,136.93116760253906,14.786824793012135,165.79571961707703,204.02185123190478,199.42912620194141,171,10.91766357421875,14.78682479301214,1,10.91766357421875
0.9493959108356661,1.3572192249943076,1.3572192249943076,70.92586517333984,14.650956111484653,84.31543141340768,125.93147948082103,262.088687082478,172,15.552520751953125,14.650956111484653,2,15.552520751953125
0.3190132622280343,2.3237636151402965,2.3237636151402965,96.89395141601562,14.43149216393407,103.74238499433994,88.01134636772866,336.2148866220323,173,14.62554931640625,14.431492163934072,2,14.62554931640625
0.9030565456387261,1.1131332230494382,1.6974555669011546,49.770172119140625,14.29483378161043,59.46842699213367,34.04194594733757,242.05691954262278,174,12.15362548828125,14.294833781610429,1,12.15362548828125
1.0552632317939072,1.2715023748911636,1.2715023748911636,77.40641021728516,14.292683040231282,276.1123792664587,158.66979497877995,280.35232519741993,175,14.316558837890625,14.29268304023128,2,14.316558837890625
2.4237789070691544,0.6830904122507353,1.025167410376843,176.32150268554688,14.219508594314487,48.43263494101986,51.54115745832678,181.49850730412686,176,13.80157470703125,14.219508594314489,1,13.80157470703125
1.3100124159470623,1.127533850669036,1.127533850669036,172.52786254882812,13.952537387053393,226.44708623258623,110.15489793188702,245.49318856138603,177,14.316558837890625,13.952537387053392,2,14.316558837890625
0.6812680043099923,1.5350297918213451,1.5350297918213451,53.180938720703125,13.44838752520667,12.406774052730132,113.6912166297106,10.749096755605404,178,13.286590576171875,13.448387525206671,2,13.286590576171875
0.44431073881096506,1.891727755586712,1.891727755586712,88.26502990722656,13.320566249988241,232.4410928862085,176.11268473958714,12.081536862470927,179,12.97760009765625,13.320566249988241,2,12.97760009765625
0.7723095385145445,1.4325461452713304,1.4325461452713304,77.98649597167969,13.277834294964897,247.87967680589446,80.11376566953132,246.60256456393634,180,11.226654052734375,13.277834294964896,2,11.226654052734375
1.7858182356802557,0.8391795435664209,1.0356125092987936,157.2244873046875,13.001936321660953,153.2435643007633,109.1354735042852,142.71790807296566,181,12.15362548828125,13.001936321660953,1,12.15362548828125
1.4360005928034691,1.0300782182605,1.0300782182605,202.73797607421875,12.764788746657779,72.42383398332068,139.06453329087682,176.83456984403125,182,11.32965087890625,12.764788746657782,2,11.32965087890625
0.658306714499513,1.512656306866889,1.512656306866889,84.98528289794922,12.619071894672926,72.71367697871798,7.262914647798913,90.37708762126488,183,10.50567626953125,12.619071894672928,2,10.50567626953125
0.8390908879285788,1.3359326941140561,1.3359326941140561,81.96334075927734,12.545753976091794,220.2017210065152,88.72954470534809,311.5328679433687,184,9.8876953125,12.545753976091795,2,9.8876953125
0.6944363942567662,1.4680646025947952,1.4680646025947952,88.0598373413086,12.538379568197866,297.79957390863103,173.55261148318,204.65514173673213,185,12.668609619140625,12.538379568197865,2,12.668609619140625
0.5319944289051892,1.6452510791473327,1.6452510791473327,90.80132293701172,12.06396470632611,227.38903671403872,101.22918406089707,29.877538613566156,186,11.226654052734375,12.06396470632611,2,11.226654052734375
0.7646590395128005,1.7221316965737736,1.093100238395822,45.10499572753906,12.059041260951004,4.4876242498740115,67.79200763147476,80.11817451123099,187,12.050628662109375,12.059041260951002,1,12.050628662109375
0.4748058655085042,1.740993301795269,1.740993301795269,99.90385437011719,12.056711828328874,209.3735066239223,118.7517160876044,62.419297310077845,188,10.711669921875,12.056711828328874,2,10.711669921875
1.7572529539317516,0.6814077528447765,1.1353965394255146,177.7017059326172,11.389575130495588,202.94373866667692,155.83421348652416,196.9861993823198,189,10.608673095703125,11.389575130495588,1,10.608673095703125
0.5344232811476918,1.5875299196082646,1.5875299196082646,68.788330078125,11.283603377118338,294.22553652407737,60.28504844219641,203.45244101646443,190,8.136749267578125,11.28360337711834,2,8.136749267578125
0.7661114970330924,1.2194891434888067,1.3629822282461954,53.9775390625,10.667894604126602,238.6352925368077,133.29778087081513,6.06131041994181,191,10.91766357421875,10.667894604126602,1,10.91766357421875
0.879132485878554,1.1945645144968524,1.1945645144968524,134.63272094726562,10.509744364481511,74.08075950484655,86.54302513616271,109.32942083272025,192,8.44573974609375,10.509744364481511,2,8.44573974609375
0.7991637759143442,1.2515002626701501,1.2515002626701501,46.433265686035156,10.486155300394639,114.72758923673928,41.1000747424942,252.43019988739596,193,8.44573974609375,10.486155300394637,2,8.44573974609375
0.9270731403122487,1.1456103283741883,1.1456103283741883,59.18042755126953,10.19310374392446,295.4508715943486,104.7919682438973,263.84408732055294,194,7.930755615234375,10.19310374392446,2,7.930755615234375
1.598667981908684,0.8643995651958809,0.8643995651958809,192.5850372314453,10.007047505714937,156.84241830329825,177.52367260392907,203.76855701496268,195,10.196685791015625,10.007047505714937,2,10.196685791015625
0.9433320355169249,1.1228057707559025,1.1228057707559025,79.97698974609375,9.9630534537839,116.64729975174242,101.22651635301878,89.1558402481347,196,10.09368896484375,9.9630534537839,2,10.09368896484375
0.4492502392393154,1.6243328902074432,1.6243328902074432,51.55458450317383,9.93017720037357,13.828559918481922,139.323844227382,284.9806650397932,197,8.136749267578125,9.93017720037357,2,8.136749267578125
1.1977417357548426,0.6057125379356296,1.622220694043122,166.2466278076172,9.859577125953333,61.226468795023266,306.9118311744563,79.39262595564489,198,9.784698486328125,9.859577125953333,1,9.784698486328125
0.3752191862151048,1.7364233260132285,1.7364233260132285,98.83527374267578,9.477959850601492,273.03772118339907,28.222363431222192,124.24690469675868,199,8.754730224609375,9.477959850601492,2,8.754730224609375
0.642508932689739,1.318453530220747,1.318453530220747,83.97415924072266,9.356801790894922,341.3390940840673,95.80491727739067,288.74632087682517,200,9.063720703125,9.356801790894922,2,9.063720703125
2.135728508086869,0.7228501950274846,0.7228501950274846,217.98814392089844,9.348915937607268,248.5128814724209,39.92591985935575,112.94165678218485,201,9.784698486328125,9.348915937607268,2,9.784698486328125
0.5453357777697595,1.2221797522116615,1.6607231065586106,119.01397705078125,9.272885753230602,283.9657066273243,146.5303852200639,62.791437282574876,202,8.6517333984375,9.272885753230604,1,8.6517333984375
0.5799746330257762,1.38075497873772,1.38075497873772,86.96195220947266,9.263195703844433,77.23332366122831,106.02703440078274,130.81842902554695,203,7.724761962890625,9.263195703844433,2,7.724761962890625
0.4906166570837032,1.5010706140193715,1.5010706140193715,98.6614990234375,9.261112075465915,250.74507910285715,158.61142416056532,249.4918544769855,204,9.4757080078125,9.261112075465913,2,9.4757080078125
0.5285014724673923,1.4094718360804854,1.4094718360804854,99.26012420654297,8.79584588109294,304.0451865681618,152.24660051079044,305.23863600079954,205,8.548736572265625,8.79584588109294,2,8.548736572265625
0.5455490906144926,1.3807045481561087,1.3807045481561087,89.98130798339844,8.712723905718263,304.4585901054338,62.39515861037962,36.81724532607888,206,7.930755615234375,8.712723905718263,2,7.930755615234375
0.5503960561294924,1.3576101802723903,1.3576101802723903,105.33990478515625,8.498535446885795,92.37912739156098,19.73068065932842,318.98616794775825,207,7.8277587890625,8.498535446885796,2,7.8277587890625
0.8049710513506653,0.5963389309845143,2.100203024801267,169.29312133789062,8.446043414358533,269.17513197992184,241.97500993885888,90.28685619268222,208,8.960723876953125,8.446043414358531,1,8.960723876953125
0.5147870508386692,1.3985912252107686,1.3985912252107686,88.27687072753906,8.43582996124163,238.5943666901228,25.21645755856077,162.4323785338133,209,8.23974609375,8.435829961241632,2,8.23974609375
0.740630286622135,1.1539364836297534,1.1539364836297534,58.99127960205078,8.261975098663187,281.179545560274,14.158162824764677,201.978115064856,210,8.44573974609375,8.26197509866319,2,8.44573974609375
1.0880920265592753,1.2542690246020312,0.7117033246446824,49.05613327026367,8.137180027750254,263.7674811596861,150.74775141592903,162.30787332436887,211,9.68170166015625,8.137180027750254,1,9.68170166015625
0.6715258188773255,1.1931046768914466,1.1931046768914466,54.91000747680664,8.008264639377385,19.703931377054143,108.73332531282865,250.01602861318935,212,6.38580322265625,8.008264639377385,2,6.38580322265625
0.43712475939725265,1.4746020333750087,1.4746020333750087,88.59130859375,7.962944120461655,188.98721717154166,61.493902820241644,287.10176710194304,213,4.94384765625,7.962944120461653,2,4.94384765625
0.5478343623549404,1.3148391808444746,1.3148391808444746,94.7606430053711,7.934382785060475,314.4596350570761,130.38559926508532,252.16270819669117,214,8.03375244140625,7.9343827850604765,2,8.03375244140625
0.3012920220813431,1.7716096795065697,1.7716096795065697,88.69269561767578,7.92213658963813,279.68118735643543,106.87178559128719,270.8274852890762,215,7.62176513671875,7.9221365896381295,2,7.62176513671875
0.8525374976224973,1.036472399696324,1.036472399696324,48.744625091552734,7.672688702703741,93.76962269137769,167.03099106703016,256.2448058900462,216,5.3558349609375,7.672688702703741,2,5.3558349609375
0.927193019387111,0.5715596328994175,1.6927409857768092,178.4550323486328,7.515204737569459,261.72472757830366,272.8054498842932,228.02304353599047,217,7.62176513671875,7.515204737569459,1,7.62176513671875
1.328044329292104,0.8113113013952727,0.8113113013952727,187.4057159423828,7.323289926093625,196.60394421670645,109.50672297594814,343.8338628727658,218,5.14984130859375,7.323289926093626,2,5.14984130859375
0.5472845933221961,1.2602697907314013,1.2602697907314013,118.49866485595703,7.282137579307684,169.14741118259255,168.991648743962,254.37906037252355,219,5.664825439453125,7.282137579307685,2,5.664825439453125
1.3496163180799003,0.5936086306500535,1.081758257879509,176.54197692871094,7.2603799941992175,79.80761006351388,4.803415714562225,27.397724543187195,220,7.106781005859375,7.260379994199217,1,7.106781005859375
0.5944381806017935,1.1986820342915283,1.1986820342915283,95.24124908447266,7.155389736165933,309.9453862009884,102.92211387031092,350.5050583735142,221,5.3558349609375,7.155389736165933,2,5.3558349609375
0.4733953703952377,1.3170345669328947,1.3170345669328947,105.66612243652344,6.879184519039627,142.57536686100283,156.5982604244935,220.66995861279162,222,6.900787353515625,6.879184519039627,2,6.900787353515625
0.8638081176055386,0.6126494867849874,1.501871883288153,22.314237594604492,6.658568116551253,152.5889249181625,170.1921865221935,289.23363827511884,223,6.38580322265625,6.658568116551253,1,6.38580322265625
0.6181683712030133,1.1296216578244502,1.1296216578244502,85.25824737548828,6.608325190829266,103.04951442612541,158.98096586259226,252.92958158159203,224,6.694793701171875,6.608325190829266,2,6.694793701171875
0.47302437919355284,1.2894991855236766,1.2894991855236766,88.13735961914062,6.58937575622008,106.5642004053715,59.69635041580609,330.9563347063556,225,6.488800048828125,6.58937575622008,2,6.488800048828125
0.3791420326107838,1.4301486583905616,1.4301486583905616,102.2430191040039,6.496551791710675,128.70786269748618,22.33303398866567,130.0483587158918,226,6.591796875,6.496551791710676,2,6.591796875
0.5961415137077187,1.1338969979007916,1.1338969979007916,79.55079650878906,6.42118499080725,39.929378427556166,83.0436522115836,263.81945690872243,227,6.591796875,6.42118499080725,2,6.591796875
0.41042602417546087,1.3603334316794025,1.3603334316794025,73.93181610107422,6.36274089952672,280.7381343201839,83.60725087241434,94.00839951297363,228,5.3558349609375,6.36274089952672,2,5.3558349609375
0.46476549625229485,1.2756286940180905,1.2756286940180905,58.932186126708984,6.335793927912797,17.546569452360945,96.57693374979915,93.17449754232739,229,5.97381591796875,6.335793927912797,2,5.97381591796875
0.5779086822762761,1.1414693436935095,1.1414693436935095,80.93707275390625,6.308212701536734,135.99531397804725,179.00400107339047,301.09202322229703,230,5.767822265625,6.308212701536735,2,5.767822265625
0.7823992029546554,0.9760576037071749,0.9760576037071749,82.22445678710938,6.2445033428179215,204.78950121497462,35.67389915395028,83.15241528839498,231,7.106781005859375,6.244503342817921,2,7.106781005859375
1.2366965688635647,0.39971553372926594,1.4907759499348954,28.535770416259766,6.173694923871995,285.5730885932518,201.80223166104733,353.18638941355186,232,6.38580322265625,6.173694923871995,1,6.38580322265625
0.6548785703476517,1.0536774596591867,1.0536774596591867,119.5550765991211,6.091086451745347,308.110041485123,167.72690327807933,205.65644668667963,233,6.076812744140625,6.091086451745348,2,6.076812744140625
0.5645004395633021,1.1335094488158384,1.1335094488158384,88.65977478027344,6.076215648374141,233.72599874945558,119.59273870912793,47.570195485186446,234,6.076812744140625,6.076215648374142,2,6.076812744140625
1.174997543448129,0.7852026891331618,0.7852026891331618,40.118316650390625,6.069027706851235,159.60036044474734,113.63892939315376,122.11901707175,235,5.870819091796875,6.0690277068512355,2,5.870819091796875
0.7470419247977477,0.9840005622356743,0.9840005622356743,81.26277160644531,6.059743949067814,319.28546334550356,76.28302508233502,240.101165606502,236,6.076812744140625,6.059743949067814,2,6.076812744140625
0.4038133732969715,1.3365565951556042,1.3365565951556042,102.17235565185547,6.043297984273915,186.74441048597873,115.886407344113,63.663437110607354,237,5.046844482421875,6.043297984273916,2,5.046844482421875
1.1727297757557078,0.7721989318543125,0.7721989318543125,158.37628173828125,5.858345084920452,120.19918214693597,172.89260712142422,54.19309254487628,238,5.664825439453125,5.858345084920452,2,5.664825439453125
0.6200011396478583,1.0599607505853512,1.0599607505853512,93.76896667480469,5.835669136046955,81.84229730733942,60.43638561503109,159.65154918488588,239,5.767822265625,5.835669136046956,2,5.767822265625
0.3926689007303154,1.3314540232311805,1.3314540232311805,84.36944580078125,5.831730692659904,79.47975574356427,6.992137520179666,233.08456053520248,240,4.840850830078125,5.831730692659903,2,4.840850830078125
0.7319596327781143,0.9714108939632453,0.9714108939632453,106.02957153320312,5.786442937732859,351.08232169726836,42.96698842042253,183.2406052543701,241,5.870819091796875,5.7864429377328594,2,5.870819091796875
0.3427835229067631,1.400221467089124,1.400221467089124,86.39556121826172,5.630306093814419,67.49198958430983,37.30178575125065,92.55275518716861,242,6.38580322265625,5.630306093814419,2,6.38580322265625
0.6979344126760194,0.9640622215193627,0.9640622215193627,91.10908508300781,5.434296704254165,112.68835847406291,168.40603168601643,165.96140886447157,243,4.634857177734375,5.434296704254165,2,4.634857177734375
1.4755606875080032,0.5946880627144306,0.6880589859756161,153.54444885253906,5.058136824535996,287.5716701173287,30.413509061011744,304.90796078865816,244,5.14984130859375,5.058136824535996,1,5.14984130859375
1.4580754681602415,0.5900131572607071,0.7017741310646213,23.781160354614258,5.0577535046219015,45.89793683403555,310.1229531763071,236.47374181768254,245,4.32586669921875,5.0577535046219015,1,4.32586669921875
0.44362992595921197,1.160294805421242,1.160294805421242,93.9775161743164,5.003525707972481,284.7201920093837,97.39341520100437,7.778663746622501,246,2.986907958984375,5.003525707972481,2,2.986907958984375
1.1920650310551513,0.7014140754989638,0.7014140754989638,168.5093994140625,4.913234658195094,155.2516024348317,88.34869449595708,26.199366045909038,247,3.2958984375,4.913234658195093,2,3.2958984375
1.0380967753531787,0.5689324645235991,0.982323455984221,12.944384574890137,4.860396254338735,219.45421558793402,34.49424804045785,43.22863962064071,248,5.14984130859375,4.860396254338736,1,5.14984130859375
0.3176935516233158,1.3303744492420897,1.3303744492420897,108.15147399902344,4.7105844655036595,124.46908472132203,103.0631167453226,13.402642642645809,249,5.56182861328125,4.71058446550366,2,5.56182861328125
0.631697297230894,0.9414331774637205,0.9414331774637205,100.06079864501953,4.69036480637316,226.9673394845743,38.23410554330339,285.919785962217,250,4.634857177734375,4.690364806373161,2,4.634857177734375
0.5519980549898157,1.0021277543718654,1.0021277543718654,95.03453826904297,4.644108236934928,310.6899702932062,112.2005454987807,137.60517429806043,251,5.56182861328125,4.644108236934928,2,5.56182861328125
0.3944569155820983,1.1833907817850495,1.1833907817850495,103.3120346069336,4.627799590678438,69.39404016283947,124.46866374299559,237.4959524069166,252,2.8839111328125,4.627799590678438,2,2.8839111328125
0.7376176507238315,0.6036568530737558,1.2221638809260964,32.33616638183594,4.558998880938772,329.14484312178615,196.94245698558822,87.94987062683549,253,4.634857177734375,4.558998880938772,1,4.634857177734375
0.5616926483351459,0.9823453416077029,0.9823453416077029,94.98609161376953,4.54093959362359,261.7003905731082,145.556563938499,175.74821146429267,254,4.222869873046875,4.540939593623589,2,4.222869873046875
0.5837185596656822,0.9595132505949538,0.9595132505949538,85.76982879638672,4.502192501594893,21.758088383766122,4.117109567384398,144.33029451623997,255,4.5318603515625,4.502192501594893,2,4.5318603515625
0.48136065841203046,1.0489213732692109,1.0489213732692109,96.41143035888672,4.436853277263265,42.805986933255326,0.8791515213545664,121.21831274731021,256,4.634857177734375,4.436853277263265,2,4.634857177734375
1.0689320955895236,0.933629967470005,0.519096018004121,43.5256233215332,4.340014723520858,186.44767901480253,295.7284718171771,205.24186526335728,257,3.398895263671875,4.340014723520858,1,3.398895263671875
0.4304285148623775,1.0963858229801104,1.0963858229801104,62.2357177734375,4.334574401893154,232.90354963431668,97.35313109544569,5.395264723411124,258,4.32586669921875,4.334574401893153,2,4.32586669921875
1.344397178657268,0.6068946761845079,0.6068946761845079,184.0520782470703,4.1483257557359146,108.41538988977771,114.31337579177746,341.885098381381,259,4.016876220703125,4.148325755735915,2,4.016876220703125
0.6196791597806475,0.887115372559849,0.887115372559849,81.10696411132812,4.08550461950601,176.31169656505529,154.72869780481253,179.2469233984464,260,4.222869873046875,4.085504619506009,2,4.222869873046875
0.9455671605251887,0.30337616284831936,1.6966301183541315,41.6525993347168,4.077365200940897,19.473883953594594,46.86074591385276,283.01965793644064,261,4.016876220703125,4.077365200940897,1,4.016876220703125
1.2923275558353233,0.6113211187727315,0.6113211187727315,166.08050537109375,4.046038473882329,182.46078324742024,128.01187937693226,235.7339122931733,262,2.986907958984375,4.04603847388233,2,2.986907958984375
0.40668957223714464,1.0844966950946426,1.0844966950946426,98.00322723388672,4.007173140726856,80.81896920602331,65.6693330569077,250.4263722925989,263,2.368927001953125,4.007173140726856,2,2.368927001953125
1.406818600865579,0.5721937052121162,0.5721937052121162,169.81707763671875,3.8587163779314393,86.24691671991232,21.780843992954185,83.1579923010348,264,3.08990478515625,3.8587163779314397,2,3.08990478515625
0.341987963923961,1.1515185595902078,1.1515185595902078,96.09711456298828,3.7990176452993034,312.8153349678072,169.60641218836338,286.2849571454238,265,2.986907958984375,3.799017645299304,2,2.986907958984375
0.451434365967113,1.0021872681351554,1.0021872681351554,127.95172119140625,3.7984899737104296,354.56061035223814,119.98939042754998,204.40083287569684,266,3.7078857421875,3.7984899737104296,2,3.7078857421875
0.8695624078154012,0.3830478007325775,1.3577438047747004,16.0745849609375,3.7886995328243533,181.74722037119378,115.22695321361047,24.220648860996448,267,3.91387939453125,3.788699532824354,1,3.91387939453125
1.0300785967264032,0.6620039479086023,0.6620039479086023,209.06581115722656,3.7819007485630984,258.30875980255814,37.70806257540227,86.00205356291829,268,3.91387939453125,3.7819007485630984,2,3.91387939453125
1.0973303792582079,0.6347992510823703,0.6347992510823703,174.94654846191406,3.7044933462817218,124.38659490040799,154.0057718303033,286.4722633278364,269,4.016876220703125,3.704493346281722,2,4.016876220703125
0.8296075731737518,0.48272867072765435,1.092139860759381,12.715521812438965,3.664145111501095,337.47291042698765,324.7466756981046,261.6093371111664,270,3.810882568359375,3.664145111501095,1,3.810882568359375
0.37654771980619334,1.0756070987255775,1.0756070987255775,98.06433868408203,3.649605703301002,3.062599727887867,121.52532365021898,262.79368572886415,271,2.26593017578125,3.649605703301003,2,2.26593017578125
0.6517547600902612,0.8139634958289452,0.8139634958289452,104.3516616821289,3.617534431118146,60.02210853355307,69.91984168924657,263.2504367923961,272,3.7078857421875,3.6175344311181465,2,3.7078857421875
1.3832136824783432,0.5124924120671154,0.5836000597508487,16.318382263183594,3.4658570687644987,153.33590099027495,227.01879001185665,333.35062169851636,273,3.50189208984375,3.4658570687644987,1,3.50189208984375
1.1893522820769549,0.7914622786321339,0.43523362042864094,8.426756858825684,3.4322725902965545,124.91593674592315,63.474976340213004,352.4320060947437,274,3.7078857421875,3.432272590296554,1,3.7078857421875
1.0766673709536012,0.6155810363635145,0.6155810363635145,200.0237579345703,3.4179886920156863,259.16974366420226,66.75475873239378,223.3615322222096,275,3.7078857421875,3.417988692015686,2,3.7078857421875
0.2911350143645683,1.1826213606036922,1.1826213606036922,102.29956817626953,3.4111787963512046,1.5881098743110211,90.6104884008598,326.52853881362137,276,2.162933349609375,3.411178796351205,2,2.162933349609375
0.5572809659171498,1.171763930770551,0.6218008660664635,100.63239288330078,3.4016079893089386,21.472578555628626,188.37729410772414,271.87308894617075,277,3.08990478515625,3.401607989308939,1,3.08990478515625
0.17889222237859623,1.464004041918562,1.464004041918562,104.18572235107422,3.2121411110613485,281.0399707758197,140.5631115343833,159.5928757006225,278,3.192901611328125,3.2121411110613485,2,3.192901611328125
0.2899684168718433,1.1366225201032236,1.1366225201032236,99.40206146240234,3.1383531760032293,38.026868945883,69.22377301770638,125.41500372588052,279,2.368927001953125,3.1383531760032297,2,2.368927001953125
0.5103980763748696,0.854821728581711,0.854821728581711,47.196842193603516,3.124487126839392,338.41912130912766,157.7783656618911,318.01996967505755,280,2.8839111328125,3.124487126839392,2,2.8839111328125
0.3180011024779643,1.0808536769261972,1.0808536769261972,75.52336883544922,3.112297036677558,34.435827733038764,139.22183753048583,211.73050504069195,281,2.162933349609375,3.112297036677558,2,2.162933349609375
0.3370580434137873,1.0410754912449012,1.0410754912449012,119.74942779541016,3.0604673133032225,199.49968320758188,97.03665680536365,156.61037757380254,282,3.192901611328125,3.060467313303222,2,3.192901611328125
1.5949491759431078,0.6210071493270001,0.3685707132512364,169.34344482421875,3.058319660409751,9.067556911634057,123.57341099325048,302.7528204941035,283,2.574920654296875,3.05831966040975,1,2.574920654296875
1.1902174551318405,0.781588670914555,0.3909848161050274,148.53843688964844,3.047074464579676,339.7970972532221,245.36020397668415,257.66864294305293,284,2.471923828125,3.0470744645796755,1,2.471923828125
0.5952576538988589,0.7793260598200658,0.7793260598200658,79.2186508178711,3.02873998392876,172.02224774184984,123.40753044341109,292.0898442016806,285,2.67791748046875,3.0287399839287605,2,2.67791748046875
0.9053345319105357,0.8204641208000653,0.4851970685393401,177.56951904296875,3.0192943412370035,298.6702816037574,306.34283665118284,109.87982401776556,286,2.67791748046875,3.019294341237004,1,2.67791748046875
0.3596972114323422,1.0003756464726556,1.0003756464726556,97.90647888183594,3.015656677479525,112.59167065328394,174.35104723176815,167.36178065412915,287,3.192901611328125,3.015656677479525,2,3.192901611328125
0.4896495820843608,0.8523189335633562,0.8523189335633562,95.66993713378906,2.979945114771361,347.38897173796136,20.45289120176104,332.4214647786245,288,2.368927001953125,2.979945114771361,2,2.368927001953125
1.1901062807727536,0.45013140247861444,0.6478898023555608,23.007946014404297,2.907667941003019,124.52512284766632,102.29919666847343,315.82502124157185,289,2.8839111328125,2.9076679410030195,1,2.8839111328125
0.6020044236318212,0.7567980188523599,0.7567980188523599,98.1357650756836,2.8885391656116055,223.71128327286763,118.21776337388792,248.98599099145758,290,2.574920654296875,2.888539165611605,2,2.574920654296875
0.5682274771622744,0.7766986549030578,0.7766986549030578,74.48641204833984,2.8717454500265935,221.9673698955847,34.65116669745829,127.72006049185352,291,2.26593017578125,2.8717454500265935,2,2.26593017578125
0.3358425528571831,0.9951056980025088,0.9951056980025088,98.23139190673828,2.7860746806763173,58.12778587095742,122.08286346463476,202.4890955388746,292,2.0599365234375,2.7860746806763173,2,2.0599365234375
0.5304221396182729,0.6280949168388127,0.9909430436964084,109.78324127197266,2.7657582722801317,293.72250575684336,264.66756061605275,144.96598449793711,293,2.986907958984375,2.7657582722801317,1,2.986907958984375
0.4023714182054953,0.9034422970106386,0.9034422970106386,123.08101654052734,2.7513546041257024,78.68149427857654,19.192538235074622,17.238638003192058,294,2.780914306640625,2.7513546041257024,2,2.780914306640625
0.4737256765123206,0.8276171263719548,0.8276171263719548,107.03412628173828,2.718344333067427,106.61949580505126,111.2714774458706,122.7805046610137,295,2.574920654296875,2.7183443330674275,2,2.574920654296875
0.24330473004991596,1.1536698544008963,1.1536698544008963,104.02295684814453,2.7128903841423417,20.381036485431384,158.05302035203565,133.07397890465455,296,2.26593017578125,2.7128903841423417,2,2.26593017578125
0.8613317205839371,0.47395829111812077,0.7863587961187469,177.82798767089844,2.6893660643920985,3.9886288061662034,112.34892626371041,148.60385483304418,297,2.780914306640625,2.689366064392098,1,2.780914306640625
0.4191766762497862,0.8584656929149146,0.8584656929149146,97.63728332519531,2.5879840936212486,312.5503237166884,164.55427202787013,273.1544239248919,298,1.44195556640625,2.587984093621248,2,1.44195556640625
1.4115487623411807,0.4374956559824617,0.4971660724711803,4.5202741622924805,2.572111076258412,224.48889509827558,61.2043309780576,98.16533220198902,299,2.8839111328125,2.5721110762584116,1,2.8839111328125
1.157977364079016,0.45940973063858037,0.5734565670287719,17.588441848754883,2.555756035485439,44.97438093290797,157.6537053856638,235.3790288251419,300,2.574920654296875,2.5557560354854396,1,2.574920654296875
0.41214473245870653,0.8577569208945571,0.8577569208945571,83.01528930664062,2.540369093020391,61.336563572713004,72.78435281060426,61.158531233002805,301,2.780914306640625,2.5403690930203906,2,2.780914306640625
0.3014639165637866,0.9980676667780115,0.9980676667780115,72.01255798339844,2.5157872689937557,147.07186321739428,11.835812628916294,337.2436798059599,302,2.8839111328125,2.5157872689937557,2,2.8839111328125
1.573783375686001,0.43209972567476224,0.43209972567476224,154.47491455078125,2.461679673215925,169.9786678692287,96.31404038919922,26.33525121893012,303,2.471923828125,2.461679673215925,2,2.471923828125
0.6935117074385905,0.48593522309314824,0.8551567577110487,164.5818328857422,2.4143293505001573,118.40819675660858,204.14941063233138,80.98559249985064,304,1.956939697265625,2.4143293505001573,1,1.956939697265625
0.8561376545273968,0.5797969432841888,0.5797969432841888,198.3563995361328,2.4110934671308075,136.40081621681028,76.96101957794387,93.7841856157941,305,2.471923828125,2.4110934671308075,2,2.471923828125
0.3306777705999086,0.9261614159512602,0.9261614159512602,89.31790924072266,2.3762765073705445,338.4528093123465,119.11209523881253,213.52787707439828,306,1.2359619140625,2.3762765073705445,2,1.2359619140625
0.2940614546534011,0.9809503162882328,0.9809503162882328,74.03189849853516,2.370558784572129,50.53475749694653,77.95006527575937,286.25887577112684,307,2.471923828125,2.370558784572129,2,2.471923828125
0.22278579898386217,1.1194504812904216,1.1194504812904216,96.78914642333984,2.3389227811615703,228.60913501117514,1.5268886974192197,343.0774995290998,308,2.368927001953125,2.3389227811615707,2,2.368927001953125
0.6387146227764596,0.4883004457556627,0.8921432022219078,28.785825729370117,2.3310262029216,168.73335490585688,194.66882416778398,18.36436775888231,309,2.368927001953125,2.3310262029215996,1,2.368927001953125
0.3213859359380195,0.9302415622379877,0.9302415622379877,61.34914016723633,2.329898231217195,349.76212792630764,129.63153569492331,131.70090480001625,310,2.0599365234375,2.3298982312171947,2,2.0599365234375
0.20710016135205228,1.1577823595223538,1.1577823595223538,102.23230743408203,2.3256957464673076,207.3447543738338,93.06538607081598,8.104361387057452,311,1.544952392578125,2.325695746467308,2,1.544952392578125
0.41232743687351237,0.5158338875271267,1.282334317800951,94.77932739257812,2.284925128678622,131.28167829010258,263.72815556921677,141.5746329303982,312,1.956939697265625,2.284925128678622,1,1.956939697265625
1.6728628160525365,0.40154853871530055,0.40154853871530055,44.46217346191406,2.259722097017085,170.05852166637655,102.66853335996487,177.70530301384122,313,2.26593017578125,2.2597220970170846,2,2.26593017578125
0.3740952134447361,0.8484293448589275,0.8484293448589275,54.41746139526367,2.255963759508125,127.29007535142459,110.10217215775268,132.02716575089653,314,2.471923828125,2.2559637595081248,2,2.471923828125
0.28726356836937783,0.9653438016843263,0.9653438016843263,87.21412658691406,2.2426586761894547,228.26577445173672,161.9282088867497,222.1393117528494,315,2.162933349609375,2.2426586761894547,2,2.162933349609375
0.4678229803601365,0.5616065946503888,1.0155398229966557,47.59035110473633,2.23526652128291,194.19524568843312,182.92549037232837,142.3547098150101,316,2.0599365234375,2.23526652128291,1,2.0599365234375
0.32269450545271033,0.9016626557169657,0.9016626557169657,63.87689971923828,2.197851478484051,357.35774899421534,149.1436647262185,339.97105667971505,317,2.368927001953125,2.1978514784840515,2,2.368927001953125
0.29284620063798644,0.9313813123056991,0.9313813123056991,68.09001922607422,2.1282039182438117,50.75795553110035,111.63739692021737,297.03524967015886,318,1.544952392578125,2.1282039182438117,2,1.544952392578125
0.3079320880837009,0.9045318057296904,0.9045318057296904,50.85016632080078,2.1106743710054383,308.7189757859736,47.464947444909924,16.732047207320157,319,1.64794921875,2.1106743710054383,2,1.64794921875
0.39937150822318934,0.792643943798633,0.792643943798633,91.70125579833984,2.1020932364329714,39.26440192463381,134.98055039538775,358.08968759447936,320,1.2359619140625,2.102093236432971,2,1.2359619140625
0.33062388651692987,0.6246423143279525,1.2141713166294366,77.64266204833984,2.100700802838445,320.3918007142513,198.71901480965974,16.631165224110553,321,2.368927001953125,2.100700802838445,1,2.368927001953125
0.3619423184788049,0.8308643638220509,0.8308643638220509,66.6673355102539,2.093236184446444,108.88513583243085,156.10276408728066,97.08972781781361,322,1.44195556640625,2.093236184446444,2,1.44195556640625
0.22383880939736683,1.048689657519931,1.048689657519931,101.21440124511719,2.062281575908674,54.33045148389164,91.15696777379782,27.404345787523766,323,1.64794921875,2.062281575908674,2,1.64794921875
1.3065328950488315,0.43268289432347046,0.43268289432347046,205.9860076904297,2.049171966183906,228.5488741378465,29.91203965735967,106.07390222675521,324,2.574920654296875,2.0491719661839065,2,2.574920654296875
0.33101410851732493,0.8565825411966961,0.8565825411966961,101.97362518310547,2.0347148113390787,32.65481636266884,46.232236193673714,280.771586595235,325,1.338958740234375,2.0347148113390787,2,1.338958740234375
0.9337251516446786,0.5684086204052291,0.45463166128369237,161.53489685058594,2.0214266900314994,51.098648993180134,231.58186378865562,45.45924647439994,326,1.64794921875,2.0214266900315,1,1.64794921875
0.30198712202094474,0.8934418085989868,0.8934418085989868,86.82813262939453,2.0194800677278444,305.5306717508627,133.64217342184972,359.4638675456746,327,2.162933349609375,2.0194800677278444,2,2.162933349609375
1.0165081340656381,0.5561142028455922,0.4260346313324852,165.2382354736328,2.017615256922366,70.47230069315302,273.4635853372573,331.47343491968036,328,1.2359619140625,2.017615256922366,1,1.2359619140625
0.2254774011797131,1.0309702623945183,1.0309702623945183,123.12548065185547,2.0077697313332954,159.50775850729892,91.994229935608,304.26578022208133,329,2.162933349609375,2.007769731333296,2,2.162933349609375
0.5240253089211259,0.6725926669504186,0.6725926669504186,50.595123291015625,1.985981157565174,241.4097989540134,121.62125965975125,359.24613716680346,330,2.0599365234375,1.9859811575651738,2,2.0599365234375
0.5274935704587341,0.6685032955572988,0.6685032955572988,95.55372619628906,1.974889862755369,23.03825852971748,171.68874130388562,190.27565393844947,331,1.338958740234375,1.9748898627553693,2,1.338958740234375
0.3932493728094628,0.7735290029631331,0.7735290029631331,83.62073516845703,1.971241562650674,28.426429336173747,156.26902450402545,131.06533302617183,332,2.0599365234375,1.9712415626506739,2,2.0599365234375
0.2892612060233369,0.8884966784903253,0.8884966784903253,81.7338638305664,1.9130239833190217,42.18146252078703,161.7257080790308,34.75648711848422,333,1.338958740234375,1.9130239833190217,2,1.338958740234375
0.889198543507948,0.4520997563333076,0.5583683200298142,20.50159454345703,1.8804958982517483,56.84680976737374,345.19115079804965,108.9965501235005,334,1.956939697265625,1.8804958982517486,1,1.956939697265625
0.7101318010397043,0.3689437484564331,0.8549186475532533,32.07512664794922,1.8764738323109424,45.80531773842365,283.2558457112928,55.15805632661697,335,0.823974609375,1.8764738323109424,1,0.823974609375
0.2519809899201289,0.9415078298631414,0.9415078298631414,114.72684478759766,1.871260519955632,352.5354383678959,112.65785766094697,334.92581765318533,336,1.132965087890625,1.871260519955632,2,1.132965087890625
0.3944297369994194,0.7524701193237012,0.7524701193237012,83.39617156982422,1.8709697782989463,252.79427267087058,59.08982539429795,180.57996650496509,337,2.0599365234375,1.8709697782989465,2,2.0599365234375
0.20445281601276552,1.0407425358664955,1.0407425358664955,90.53741455078125,1.8552323616720205,288.1483298132787,52.23973714579047,164.02960137370408,338,2.162933349609375,1.8552323616720203,2,2.162933349609375
0.9286534246913718,0.5246360582725352,0.4545046691995349,171.75625610351562,1.8551061071683541,108.9641518997823,241.7691104708146,102.14882168808934,339,1.85394287109375,1.8551061071683543,1,1.85394287109375
0.4750776513352932,0.680842987100615,0.680842987100615,121.07443237304688,1.8449183166515388,183.0549949226168,82.42272750686499,22.66406390100436,340,2.0599365234375,1.8449183166515388,2,2.0599365234375
0.2863980405027078,0.8764401740591343,0.8764401740591343,57.165184020996094,1.8430333761930184,68.39508594017073,83.28281173081211,214.15263976143308,341,1.750946044921875,1.8430333761930189,2,1.750946044921875
0.3348635088736497,0.8098294181510011,0.8098294181510011,64.50626373291016,1.8398123371551927,223.75086622510085,124.16352146489453,6.885480480669752,342,1.85394287109375,1.8398123371551927,2,1.85394287109375
0.27679548533423026,0.887866059678994,0.887866059678994,94.96389770507812,1.827984531760044,149.42924346216327,170.48335207871062,323.5229322769845,343,1.750946044921875,1.8279845317600443,2,1.750946044921875
0.8731181895931417,0.3177341893996799,0.7863429221082272,39.802284240722656,1.827542864542421,90.28922303742175,100.37044479322265,35.17205473971369,344,1.64794921875,1.827542864542421,1,1.64794921875
0.26901197922160414,0.8985646284492358,0.8985646284492358,101.90918731689453,1.8196541922207727,228.21495301028025,23.78082773082913,126.24633356202705,345,1.64794921875,1.8196541922207732,2,1.64794921875
0.8874048043593782,0.41475614719130116,0.579242643863196,151.06591796875,1.7860505205417934,178.26064402646523,46.28324913558593,295.9926865993806,346,2.162933349609375,1.7860505205417931,1,2.162933349609375
0.3811111907055214,0.5358907353794011,1.0214687659257569,90.76789855957031,1.7477191571640212,177.55314463076795,66.09334603325243,285.1675759209284,347,1.85394287109375,1.747719157164021,1,1.85394287109375
0.5085648348476455,0.6403327537459101,0.6403327537459101,88.05530548095703,1.74693347238752,140.05424011316853,52.51012630267652,203.68750130692328,348,1.750946044921875,1.7469334723875205,2,1.750946044921875
0.21617395234541728,0.9782465558752392,0.9782465558752392,62.71321105957031,1.7330800499131602,59.99142581415127,80.66938717181259,287.73498285643944,349,1.85394287109375,1.73308004991316,2,1.85394287109375
0.2980277536655998,0.8314698146508144,0.8314698146508144,93.88269805908203,1.726109286717459,172.73664261655315,176.52164215502063,241.26561043826734,350,1.544952392578125,1.7261092867174588,2,1.544952392578125
0.5985374867248743,0.8462117238986901,0.4061921181828827,63.021121978759766,1.7235365223209946,351.65003852526405,318.52180541878636,321.79683307602534,351,1.750946044921875,1.7235365223209946,1,1.750946044921875
0.6641527353826817,0.3884608566224001,0.7959705094884144,146.3450927734375,1.7204054580338644,357.4149851124489,351.1415685735616,307.2878542841718,352,1.64794921875,1.7204054580338644,1,1.64794921875
0.2969081805613567,0.8193413070815254,0.8193413070815254,59.590171813964844,1.6698231178624863,237.76430532135603,7.092159446891149,137.15285442880665,353,1.544952392578125,1.6698231178624865,2,1.544952392578125
0.9613776682509603,0.6683434883296412,0.30932890599178325,14.560025215148926,1.6650714004986555,0.1682747068457724,142.06311540379807,132.6330780923997,354,1.2359619140625,1.6650714004986553,1,1.2359619140625
0.35853040105254663,0.5677736492360103,0.975592875523876,59.50148010253906,1.6637514415087902,337.2039529776537,167.09048744211734,58.33355234178293,355,1.544952392578125,1.6637514415087904,1,1.544952392578125
0.299328280779846,0.726942357606641,0.8947227289313561,93.50596618652344,1.6310031559541562,75.56039894785168,200.77328765343364,324.95266761774036,356,1.2359619140625,1.6310031559541558,1,1.2359619140625
0.6317618256674022,0.3331240559280807,0.9234626249772402,27.913331985473633,1.6281608348436631,138.29943697067293,170.6175035360778,142.8065442829719,357,1.132965087890625,1.628160834843663,1,1.132965087890625
0.31007207622552907,0.7854503004503792,0.7854503004503792,74.43490600585938,1.6025761773556308,249.51093768826644,0.21163674288076528,178.36176561126265,358,1.338958740234375,1.6025761773556313,2,1.338958740234375
0.4688929034686937,0.6371211867071979,0.6371211867071979,112.3998031616211,1.5945434554618567,269.01003964912223,98.81833881464635,296.0840638182789,359,1.750946044921875,1.5945434554618565,2,1.750946044921875
0.7550487021391868,0.5009623063991414,0.5009623063991414,29.630197525024414,1.5874632124879755,48.94912794339801,45.1258638025555,233.59601443226487,360,1.544952392578125,1.5874632124879755,2,1.544952392578125
0.3078741828004999,0.7836440246187634,0.7836440246187634,72.86502838134766,1.5839064590904084,359.01844284624445,96.82490009334386,269.4163860030413,361,0.926971435546875,1.5839064590904084,2,0.926971435546875
0.3694946292327682,0.7135176989351125,0.7135176989351125,95.90443420410156,1.575927506206132,27.556611255059078,147.33556613759035,325.3855984529289,362,1.02996826171875,1.575927506206132,2,1.02996826171875
0.30453351158053305,0.7803496681637098,0.7803496681637098,80.28466796875,1.5535748977587804,177.28896129358768,91.4785847357005,7.208008220432474,363,0.926971435546875,1.5535748977587804,2,0.926971435546875
0.3531115499035801,0.7177295513561796,0.7177295513561796,94.33248138427734,1.5238849642831274,204.848224681136,43.921150105601896,298.88320037850553,364,1.85394287109375,1.5238849642831274,2,1.85394287109375
0.3540675784293707,0.7149857208656767,0.7149857208656767,79.18647003173828,1.5163501643968496,356.85230959377685,156.33353448993915,246.8493176136431,365,1.132965087890625,1.5163501643968496,2,1.132965087890625
0.6378018576342371,0.32649664487936364,0.8504342395814433,38.599273681640625,1.4836239813896785,269.9825584546865,354.77622619889127,283.7081581487632,366,1.132965087890625,1.4836239813896783,1,1.132965087890625
0.39091338663797626,0.6961706196420461,0.6486438178552457,132.18679809570312,1.4788397719317439,209.58731956556073,225.70553714561544,163.17159561944226,367,1.44195556640625,1.4788397719317443,1,1.44195556640625
0.5798696560458555,0.4546792853135514,0.6689308032993992,152.21095275878906,1.4775267484021297,73.1754489935651,299.07657392626896,276.1080979240878,368,1.132965087890625,1.4775267484021295,1,1.132965087890625
0.338788223944726,0.7210446288194374,0.7210446288194374,97.01734161376953,1.475608686819223,101.13438108585167,68.36053742073624,306.5692528103617,369,1.02996826171875,1.4756086868192229,2,1.02996826171875
0.5316602908208357,0.7719293222064673,0.4203914205927383,107.15789794921875,1.4453872251752795,28.474098077513798,294.2962428905739,183.8395442140497,370,1.544952392578125,1.4453872251752795,1,1.544952392578125
0.3928262006213639,0.5458199302765235,0.804272616990208,117.7586898803711,1.4446802101952538,296.90179406785325,92.04701188097994,127.41831427728633,371,0.926971435546875,1.444680210195254,1,0.926971435546875
0.7260692840760246,0.41540696662021975,0.5621939565650576,4.185821533203125,1.4205503057052058,30.619906741380852,119.77641930997333,337.15597035663575,372,1.64794921875,1.420550305705206,1,1.64794921875
0.3190653249438535,0.7248011394506272,0.7248011394506272,57.01969909667969,1.4042225687037515,330.03603421444404,121.6616802133167,94.94980013442152,373,1.44195556640625,1.4042225687037515,2,1.44195556640625
0.6416910205645247,0.3274252819354047,0.7952085569834696,18.56954574584961,1.3997092153648942,103.64033305234281,314.1390192173902,264.44807854378644,374,1.544952392578125,1.3997092153648942,1,1.544952392578125
0.3492123576268558,0.5845604570675165,0.8099317017404747,88.70263671875,1.3851156643277316,192.89959176209143,185.4371888346756,100.15325431939834,375,1.338958740234375,1.3851156643277318,1,1.338958740234375
0.3586136398971481,0.6787195095338171,0.6787195095338171,81.0475845336914,1.3839680841846984,75.71837261935549,105.03611113573082,147.3920726771895,376,0.926971435546875,1.3839680841846982,2,0.926971435546875
0.7921766330245646,0.38771475840233216,0.5376289252858497,41.03348159790039,1.3833612043585253,71.58334893081037,255.96352871026266,224.3202608449972,377,1.2359619140625,1.3833612043585255,1,1.2359619140625
0.7569442486157376,0.5233978597617346,0.414018005369086,162.82579040527344,1.3741485046286503,121.58489749154,121.87940147008443,80.78045883261645,378,1.2359619140625,1.3741485046286506,1,1.2359619140625
0.6245549833207719,0.32710779635079523,0.798780209350398,35.1003532409668,1.367122636874489,108.8818971209777,104.21462209580538,110.75709895052199,379,0.823974609375,1.3671226368744889,1,0.823974609375
0.41229592958706474,0.6281678661416689,0.6281678661416689,94.56574249267578,1.3629473666656284,127.59159157632715,27.05835806409038,212.07728240304868,380,1.544952392578125,1.3629473666656287,2,1.544952392578125
0.7629148793975595,0.45862696853413276,0.45862696853413276,161.91262817382812,1.3443546938396755,141.4260937334446,34.373666470581625,185.58120751141433,381,1.44195556640625,1.3443546938396758,2,1.44195556640625
0.7541901049293706,0.4130020523460993,0.5122463824648782,9.045489311218262,1.3366895257341793,91.71145348538163,275.86843115397227,240.27179466903272,382,1.338958740234375,1.3366895257341795,1,1.338958740234375
0.7511558491663424,0.4596162784052925,0.4596162784052925,135.44558715820312,1.3293503740035522,30.135483411442014,128.40573063973707,237.21962129893546,383,1.64794921875,1.3293503740035522,2,1.64794921875
0.5737978802513835,0.3824604689589332,0.721457904109027,37.54157638549805,1.3264017723030697,350.0023657096207,150.16355834758207,282.9947486122599,384,0.61798095703125,1.3264017723030694,1,0.61798095703125
0.27331908677970157,0.7585303045998856,0.7585303045998856,61.83949279785156,1.317450900079877,207.85365410494103,135.4630087772828,184.45032663239985,385,1.132965087890625,1.3174509000798773,2,1.132965087890625
0.4446396729891486,0.5901614685865528,0.5901614685865528,52.431148529052734,1.2973839392173026,329.93944554469874,103.35923867288946,144.39182792927838,386,0.926971435546875,1.2973839392173023,2,0.926971435546875
0.7559441997745724,0.3798809399786895,0.537319382080716,172.2708740234375,1.2926720381845611,265.146894167166,154.6739106693975,156.5364650373562,387,1.2359619140625,1.292672038184561,1,1.2359619140625
0.6773916619121783,0.3701581036153275,0.6151417186534569,20.80352210998535,1.2921736919224067,339.8552007340601,276.5659944184073,59.202623687467906,388,1.544952392578125,1.2921736919224067,1,1.544952392578125
0.6261003542203177,0.4946640660697974,0.4946640660697974,217.46356201171875,1.2834627849971985,230.04203847230727,116.49855076463393,299.1956949204149,389,1.64794921875,1.2834627849971985,2,1.64794921875
0.43639171825084766,0.5908364625250431,0.5908364625250431,95.05094146728516,1.2762321577496205,63.28847054786473,99.5998311411173,51.52132159508448,390,0.823974609375,1.2762321577496207,2,0.823974609375
0.33372725961554356,0.6117526172107025,0.7391653628437322,86.68682861328125,1.264234771569124,202.52442850033935,344.2843427829413,166.2462704474217,391,1.02996826171875,1.264234771569124,1,1.02996826171875
0.3812657940270091,0.6281630407014022,0.6281630407014022,63.18887710571289,1.260350125045516,10.010949339149962,109.50006911060187,122.59030867541411,392,0.514984130859375,1.260350125045516,2,0.514984130859375
0.3800317586411444,0.5396687239506017,0.7324744674096864,124.50853729248047,1.258514537730709,37.12163100475223,266.24802398069346,310.42156807895634,393,0.823974609375,1.2585145377307092,1,0.823974609375
0.3591267213913937,0.63500291304657,0.63500291304657,64.58647155761719,1.2131591017491814,238.2427513622923,115.92358513468733,174.93197652424902,394,1.750946044921875,1.2131591017491814,2,1.750946044921875
1.09714568789741,0.3618818348966379,0.3618818348966379,158.30572509765625,1.2036950454733277,202.92610880191836,166.70882717813666,52.6491392845088,395,1.2359619140625,1.2036950454733277,2,1.2359619140625
0.7007343980449205,0.3991519979992901,0.5126352957226104,17.25048828125,1.2012097651634934,136.45307968495163,141.13192599135618,159.51341692068928,396,1.44195556640625,1.2012097651634934,1,1.44195556640625
0.3172796755039661,0.6548503273296199,0.6548503273296199,80.35009765625,1.139842787507681,34.6071290614864,57.9121126978835,345.0145855482285,397,0.926971435546875,1.1398427875076813,2,0.926971435546875
0.8297673804014094,0.4045837879513248,0.4045837879513248,221.84136962890625,1.1378680819876696,46.988766255751244,58.39582123944251,268.9419525551501,398,0.926971435546875,1.1378680819876699,2,0.926971435546875
0.37938514964539977,0.5945148672554446,0.5945148672554446,57.01034927368164,1.1233740087392834,198.55243003590897,81.5670097383528,64.35066483415275,399,1.338958740234375,1.1233740087392834,2,1.338958740234375
0.42049458914146415,0.5840366129491465,0.5411688296317388,50.54933547973633,1.1134016598484429,132.1131678055728,275.742997517847,157.7714056710906,400,1.02996826171875,1.1134016598484426,1,1.02996826171875
0.344094173983922,0.6194694896702333,0.6194694896702333,56.91523742675781,1.1062053813262738,175.99502097096203,138.61547682791962,62.168535343667315,401,1.132965087890625,1.1062053813262736,2,1.132965087890625
0.33978264310558004,0.6181663369487831,0.6181663369487831,112.88162994384766,1.0877535213300626,20.350934534583462,40.42847645041614,12.867080497606143,402,1.02996826171875,1.0877535213300624,2,1.02996826171875
0.35094000716706636,0.6055718432360874,0.6055718432360874,115.77064514160156,1.0781590519035529,68.00768425632157,27.094616479005463,28.6293530994569,403,0.514984130859375,1.0781590519035529,2,0.514984130859375
0.8854966738915435,0.37504402746424553,0.37504402746424553,141.18545532226562,1.043446163783567,181.4758016861087,92.6754609895427,228.1094534178028,404,0.720977783203125,1.043446163783567,2,0.720977783203125
0.6555058302740915,0.4355870051240101,0.4355870051240101,19.75730323791504,1.0419454768038543,164.91269587111907,170.7499344684809,61.046254822691395,405,0.823974609375,1.0419454768038543,2,0.823974609375
0.3337698606837809,0.6085408136308006,0.6085408136308006,52.77051544189453,1.0354881757721086,156.36588351016547,48.14697464038402,153.7141203526605,406,1.2359619140625,1.0354881757721084,2,1.2359619140625
0.564492633704047,0.4674050593864455,0.4674050593864455,160.5622100830078,1.033150766193637,68.707188715572,105.63721990123479,111.81224956248721,407,0.720977783203125,1.033150766193637,2,0.720977783203125
0.42943097335782154,0.5340331774178916,0.5340331774178916,60.822662353515625,1.0260025688769518,28.486692593890407,112.80720357434319,57.619957891967324,408,0.61798095703125,1.0260025688769518,2,0.61798095703125
0.5551394639117085,0.4495685763722072,0.4495685763722072,205.50086975097656,0.939966989276278,85.96082214400155,126.37270389542174,232.84857532937903,409,0.514984130859375,0.939966989276278,2,0.514984130859375
0.6419421799995852,0.4012440628961162,0.4012440628961162,33.13140106201172,0.8658282591735914,192.2073425423835,28.801888642625396,67.42283031997903,410,0.514984130859375,0.8658282591735915,2,0.514984130859375
0.7522743578352324,0.3653151119923122,0.3653151119923122,41.86436080932617,0.8410661213536595,17.96177988971289,64.3138840232522,171.4686711968462,411,0.926971435546875,0.8410661213536597,2,0.926971435546875
0.5720514493407228,0.4064012758353252,0.4064012758353252,203.45626831054688,0.7915235130806832,314.94360330599386,9.854525508398124,335.31890795219766,412,0.61798095703125,0.7915235130806832,2,0.61798095703125
0.7293091887492444,0.3590077175189328,0.3590077175189328,20.07228660583496,0.7874769664076755,52.379974698820035,154.50228763056256,198.69013469519354,413,0.823974609375,0.7874769664076755,2,0.823974609375
0.6671728932908129,0.368594755585376,0.368594755585376,159.7444610595703,0.759373262124052,105.9463738096023,92.09215885669174,17.274131514689994,414,0.720977783203125,0.7593732621240521,2,0.720977783203125
0.5843322421278418,0.3923295823939108,0.3923295823939108,2.0751423835754395,0.7534953340044459,195.16684440771934,84.22028944733394,118.42644442185146,415,0.61798095703125,0.753495334004446,2,0.61798095703125
0.5542776024334765,0.39873511780683313,0.39873511780683313,0.9308045506477356,0.7382694690305074,324.575640673079,128.71392478450622,266.42389962800746,416,0.4119873046875,0.7382694690305074,2,0.4119873046875
0.7639243425780686,0.3356048053075698,0.3356048053075698,204.15428161621094,0.7208174557677304,30.13166085233353,117.04400579448159,81.17714391309823,417,0.61798095703125,0.7208174557677303,2,0.61798095703125
0.6339354499663841,0.3614494139480277,0.3614494139480277,155.09805297851562,0.6938389772446817,28.296188000038256,72.2862980156127,274.7335522741843,418,0.308990478515625,0.6938389772446817,2,0.308990478515625
0.8282625053535139,0.31342067157534576,0.31342067157534576,32.879600524902344,0.6816193022476555,331.9347446331494,46.31164979393048,209.14471040550765,419,0.720977783203125,0.6816193022476555,2,0.720977783203125
0.6364733476972676,0.3575255267711147,0.3575255267711147,25.965486526489258,0.681573878566575,74.46918442500323,56.4338168322966,233.77909508874092,420,0.514984130859375,0.6815738785665751,2,0.514984130859375
0.6444635198472006,0.3526884486778381,0.3526884486778381,146.8374786376953,0.6715825691006083,34.79132776132275,170.95092016544118,178.17071919006503,421,0.4119873046875,0.6715825691006083,2,0.4119873046875
0.6412749919203501,0.3529105845089413,0.3529105845089413,181.70114135742188,0.6691019209445489,95.8848058355607,119.30786047759001,356.8096602312149,422,0.308990478515625,0.6691019209445488,2,0.308990478515625
0.6287824947685868,0.3504677526821366,0.3504677526821366,218.56820678710938,0.6470162301850597,196.34869404313628,33.558613878136484,31.010145440067344,423,0.20599365234375,0.6470162301850596,2,0.20599365234375
0.6252234487224305,0.3400498873415298,0.3400498873415298,39.6380615234375,0.6056742821313079,211.2803744065873,0.45796367272145755,275.34256703807966,424,0.514984130859375,0.6056742821313079,2,0.514984130859375
0.6087874787832599,0.341804336998516,0.341804336998516,150.92343139648438,0.595853444772785,166.9006831269479,131.0111890826543,221.14067660740764,425,0.61798095703125,0.595853444772785,2,0.61798095703125
0.7607328815404678,0.3011460761673928,0.3011460761673928,3.9776687622070312,0.5779698861082292,272.38940706649174,31.65813695056997,209.04405823687964,426,0.308990478515625,0.5779698861082293,2,0.308990478515625
0.8324326319087448,0.2599360120492953,0.2599360120492953,212.24359130859375,0.4711949256529963,324.8964769926766,153.86423496644815,100.03655694522658,427,0.514984130859375,0.4711949256529963,2,0.514984130859375
0.7676009969036675,0.2666440836436478,0.2666440836436478,180.2467041015625,0.457212440577496,228.6782792669456,162.55354359780716,53.462022945398985,428,0.308990478515625,0.457212440577496,2,0.308990478515625
