a,b,c,alpha,volume,phi1,PHI,phi2,GrainID,final_discrete_volume,final_conti_volume,phaseID
5.195555698335676,3.2850946374686782,8.41258267800541,8.2774658203125,1202.8953351862822,205.62051399336673,122.44494917119076,132.69421139111097,0,1439.483642578125,1202.895335186282,1
6.114232477967302,2.392094309345861,9.56721058117552,15.746953010559082,1172.2606411044012,350.32309957883695,273.62434027393925,133.69545205122614,1,1182.3005676269531,1172.2606411044012,1
6.170100857676889,2.88757770678801,7.626771535249593,15.502678871154785,1138.3748316885583,76.41102936486956,129.29018775676022,129.8857814796497,2,1114.1166687011719,1138.3748316885585,1
7.8308872052218375,2.4984422820012613,4.556682341706276,165.11842346191406,746.8745282311828,347.39066392995767,209.65159579588106,132.93369436563623,3,734.3673706054688,746.8745282311827,1
5.164823510057973,2.0205155393461167,8.110722493963138,16.194242477416992,709.0809662263558,353.3234652813851,343.0208587626777,99.14181056635582,4,699.8634338378906,709.0809662263559,1
4.25763203519302,2.65438064196273,7.172536724228893,177.1693115234375,679.0827706447934,74.72831677352345,83.84477750169418,151.30327349741793,5,717.681884765625,679.0827706447934,1
5.916227822089815,2.791127185202096,4.500639147566538,6.528252601623535,622.611753056575,144.64173875771294,28.10254761697941,42.72031670885291,6,633.5334777832031,622.611753056575,1
7.376200539823172,2.175390220886432,4.476082053292591,177.65597534179688,601.7090334741155,281.505592382549,266.026840829623,293.9061134029045,7,613.5520935058594,601.7090334741156,1
5.612645182437141,2.8674970628920673,4.297713734088184,177.10845947265625,579.4642655455759,225.966171624889,69.52797498681457,147.39955364471632,8,607.4752807617188,579.4642655455759,1
5.770552132794492,2.73039324784001,4.2780537720595575,23.797618865966797,564.686511767611,176.70431825854823,347.4132885720838,240.19473208244645,9,575.6492614746094,564.686511767611,1
4.444596083740181,2.834772819332479,5.1402824014571245,8.93319034576416,542.5704579942196,204.32623814102038,177.92784258088844,239.90843118157997,10,557.9338073730469,542.5704579942197,1
3.7717681056144015,2.4205008246479416,6.787798331263359,21.45073699951172,519.1558527150202,255.2066606332373,201.35974178103788,81.9670612028046,11,542.8962707519531,519.1558527150202,1
3.750092227936156,2.654745672326438,5.485970728544239,149.17433166503906,457.54831588539497,1.8519852759506827,151.81553086685528,221.47709054190412,12,486.6600036621094,457.548315885395,1
5.800188662282214,2.4109685931751166,3.76579151558416,35.09566116333008,441.1726191773763,163.2972203430497,21.416358079372287,98.15903250876845,13,451.33209228515625,441.1726191773763,1
5.189023376845157,2.7526962435199813,3.579073466846401,23.705852508544922,428.285267591338,50.65054260693594,57.155282767798866,132.92201088317285,14,428.466796875,428.28526759133797,1
5.644385603881167,2.3753155912230377,3.750274670301171,31.171838760375977,421.23037095151426,172.6719908217492,353.5025573600116,106.75343931857304,15,416.93115234375,421.2303709515143,1
3.6845086284895103,2.1498570187220123,5.499765243685843,173.98269653320312,364.96558347496045,163.41421580686907,349.7002049696025,300.54324899773763,16,383.4571838378906,364.96558347496045,1
4.091970696943476,1.3990321379880837,7.563902516586393,162.4424591064453,362.76446114846135,336.7784525909423,41.6263382998672,160.63204332221395,17,380.3672790527344,362.76446114846135,1
6.51001925177115,1.8488778460179636,3.306850060444374,5.498133659362793,333.44453196876435,230.97400062447667,70.36027395023508,171.57730405132077,18,374.08447265625,333.44453196876435,1
1.3989918313693848,5.297645740346285,5.297645740346285,86.70964813232422,328.9270650777303,347.88569490248517,107.59878185037495,257.00181865643856,19,338.7565612792969,328.9270650777302,2
4.808396433262875,2.1440390516239236,3.501822594652368,28.649463653564453,302.4445083711945,121.01371890285522,195.1278489252287,274.58893459244854,20,306.6215515136719,302.44450837119444,1
1.9340120478630165,4.276377072916308,4.276377072916308,77.8436279296875,296.2987130162275,9.139443419602555,61.23753130147735,245.9060366565751,21,297.8668212890625,296.29871301622757,2
3.9932024501659082,3.2423541045459765,2.619465719915844,4.457225322723389,284.1273865144509,93.0695731383178,352.2924186511312,36.26445547437418,22,293.6439514160156,284.12738651445096,1
3.237202805136506,1.6069974487409027,6.057379548215973,34.13111877441406,263.9906146563698,216.15673427835026,133.58387244851642,287.4911479954221,23,278.9154052734375,263.99061465636976,1
5.195206374306953,2.120347086078935,2.717860774122093,27.511465072631836,250.81619350721164,340.816076595114,218.931086896918,28.561929998491756,24,319.8051452636719,250.81619350721164,1
1.0861243823281508,5.138228711034868,5.138228711034868,86.3987045288086,240.2287775287222,323.6949997334803,89.09722674117602,278.0875420339631,25,254.91714477539062,240.22877752872216,2
3.4779638895046325,1.6488652392906535,4.848716513236866,176.64266967773438,232.9461994432006,355.7830822853423,127.4479943052061,228.72135794986195,26,235.2447509765625,232.94619944320064,1
2.8187241619370718,5.547355650997339,1.7615786323954103,82.33541107177734,230.7593075810815,118.7970783499726,92.16204188944529,93.70434239630244,27,233.39080810546875,230.75930758108152,1
4.725383343572724,1.8820386499969795,3.069724091301364,35.18639373779297,228.70914567537523,71.04070414849768,103.03189913920737,168.05517908346417,28,244.3084716796875,228.70914567537523,1
3.0550802816569855,1.9452488897641906,4.297570867993507,10.72700023651123,213.96338266566906,261.1064538432299,215.8474399530061,178.9378429898705,29,219.38323974609375,213.96338266566906,1
4.041031078692233,2.6527772711635067,2.2004950232646174,30.938932418823242,197.62049102436742,108.37757654310339,291.2071192657571,196.12979228468902,30,208.465576171875,197.62049102436745,1
2.247474161454771,2.6846760805880536,3.590177337204918,65.75224304199219,181.47679761904573,144.0985758757911,55.22040624838398,126.70918568708275,31,181.17141723632812,181.47679761904573,1
3.9012840577717065,1.8317575624174345,2.901173847603381,168.87538146972656,173.68724443392392,134.02254433636116,41.05207365198035,235.86483758936066,32,177.77252197265625,173.68724443392395,1
2.5408915854113934,2.7509399724958357,2.7509399724958357,121.48130798339844,161.0894014034285,287.9452629707306,73.63970347764113,193.94895345672725,33,164.794921875,161.08940140342847,2
2.5305681709677725,2.7128944983362064,2.7128944983362064,87.24688720703125,156.02796918480573,358.16961472496445,16.09514755184341,194.81602355746256,34,154.083251953125,156.02796918480576,2
2.3676561982725666,1.5131344985356763,5.184610575833337,178.01089477539062,155.6076411005367,302.9811773851524,49.73934261484557,277.84375896056497,35,161.70501708984375,155.60764110053674,1
2.4579000682777297,1.8374326586370369,4.035514765329337,3.3769819736480713,152.68388381708837,41.51091552008558,215.24592352262664,96.92024605795442,36,154.4952392578125,152.68388381708837,1
2.92938986284998,1.6336976505180696,3.7560607471355945,177.7104949951172,150.5913655050368,101.43264555326088,87.89468771840578,104.33285714743815,37,159.74807739257812,150.59136550503683,1
3.650784288780519,1.971242495699944,2.4856795592559644,161.64613342285156,149.861464310669,323.31245378953236,317.7289141767777,254.64010423517686,38,153.15628051757812,149.861464310669,1
4.095486645184897,2.3085256317097036,1.865680393383485,23.985864639282227,147.773332533032,53.46944472003656,70.66518061290842,288.7876645256868,39,159.23309326171875,147.773332533032,1
3.0864235031355247,1.3565770629729264,4.145212115025599,178.54244995117188,145.40031618871683,66.49665794767596,348.20210511334034,221.3808711726028,40,163.5589599609375,145.40031618871683,1
2.388895704764336,1.7125835695330107,4.038713378449053,6.7653303146362305,138.42374689440106,134.04408699309397,271.79728354799647,225.59523191016385,41,154.70123291015625,138.42374689440103,1
2.957534479746994,1.414112395753487,3.8290494475050925,18.111724853515625,134.16008519647698,286.72729808968734,175.67861364230365,319.46604031101435,42,138.427734375,134.16008519647698,1
1.6343086837189065,2.5121811619889836,3.849701535191199,119.05726623535156,132.41302528918223,4.150473711877933,8.552216816300264,275.7281345809332,43,131.62994384765625,132.41302528918223,1
2.5552632603893906,1.3355281140634556,4.547030943310309,38.586891174316406,129.99755976785346,107.76583249858547,134.05548170692265,274.4011041896341,44,135.74981689453125,129.99755976785346,1
3.2784275821165934,1.1575328558756202,3.958914727566611,178.50662231445312,125.8617234513731,281.10981617734245,228.92329494068096,275.04702078177525,45,130.29098510742188,125.86172345137311,1
6.135376611051447,0.7305298832120187,3.2739352996318134,179.71688842773438,122.93283859669978,149.10303201216897,90.79006079291273,185.62398099843838,46,121.74224853515625,122.93283859669977,1
3.150030753635271,2.480750704119739,1.8620611189849974,28.930816650390625,121.90189416501946,268.6360162333053,293.5481574893963,283.31070735461566,47,123.39019775390625,121.90189416501947,1
3.1075201387488085,0.8644588897262192,5.123130533090609,4.48602294921875,115.29549097049076,81.91603816427514,240.55661748321114,343.4248795643007,48,52.734375,115.29549097049076,1
2.4020156037672526,1.4330342716700788,3.948882352918172,178.08123779296875,113.87416392263201,358.8979968151117,18.385605015999282,62.406034168103545,49,116.07742309570312,113.87416392263201,1
3.3609248227805804,2.280285830638016,1.7092340827067591,16.30604362487793,109.74082886461608,179.110398167854,256.1025563060412,135.50029698365051,50,107.5286865234375,109.74082886461609,1
1.5048551784356416,2.8939232553552636,2.8939232553552636,49.17698287963867,105.58137938273826,359.06326334871113,0.9360673972768763,47.35524416541429,51,104.74777221679688,105.58137938273826,2
1.5636441795207991,2.8259377220534856,2.8259377220534856,65.51531982421875,104.61204955006822,278.3721110791373,9.60476310246001,124.77810503491227,52,108.04367065429688,104.6120495500682,2
3.755949744721137,1.4982764002554954,2.171199536850544,165.6041259765625,102.35994744210284,85.22041817060469,127.79667941835622,230.92225311753464,53,107.83767700195312,102.35994744210282,1
3.6435219065625826,1.7014954647318237,1.969337682077008,7.8966474533081055,102.28006063014308,286.4242697552127,93.6588651271547,323.055215823397,54,143.68057250976562,102.2800606301431,1
2.4628288297360745,1.3233844678580355,3.5010447681369032,176.09852600097656,95.59529793287678,144.1448576193675,250.57217385714506,75.9366267641495,55,98.15597534179688,95.59529793287676,1
2.1736203250897685,1.5358104723633248,3.3318198789918334,155.4129638671875,93.17972643213744,322.30610312679573,347.56552797797036,116.61014402370655,56,99.49493408203125,93.17972643213743,1
4.590882995469293,1.3652998504951233,1.708741988380649,179.58941650390625,89.72621818705106,192.460744726974,84.5324860662829,24.341524400020358,57,106.7047119140625,89.72621818705106,1
4.0061160852515405,1.4298832591758903,1.8668709441724611,157.9538116455078,89.5894793388828,45.492434059616514,189.95232021563845,196.15321794558497,58,89.19525146484375,89.58947933888278,1
3.049810143953887,1.6161489435150338,2.1321970930036858,157.00299072265625,88.04407582018418,316.02648600298596,58.310170371983986,193.47345195155603,59,90.94619750976562,88.04407582018418,1
3.235456563458797,1.5252463536052212,2.041421563846884,174.793701171875,84.39697332293258,0.30984190740405815,139.1666023219255,174.3008133864085,60,82.8094482421875,84.3969733229326,1
2.1288396717154647,1.567193432761708,2.8392810805871407,9.498720169067383,79.35833574387034,315.16036101570984,143.45936720971605,307.54569205096357,61,42.537689208984375,79.35833574387033,1
1.197654404747662,2.402912378725062,3.190525311356144,89.13629913330078,76.92194377971512,158.86730197722466,113.22483175433763,193.85261629925202,62,42.537689208984375,76.92194377971512,1
2.4035792356466317,0.9955624117312855,3.686469085017309,11.88752269744873,73.9019904727842,44.25136067649272,37.530941321658325,31.168618712449145,63,77.8656005859375,73.90199047278422,1
3.882417910959372,1.147405202920468,1.9601307559755925,179.4286346435547,73.1514172819548,102.84954760089938,174.71226849715177,287.7362859550754,64,75.70266723632812,73.15141728195479,1
2.4815602426868435,1.0310725428048781,3.333407280043802,17.085927963256836,71.45309236621539,121.70062359226426,165.88148032489752,319.8285718122552,65,56.957244873046875,71.45309236621537,1
1.6499048851269487,1.8735617706954353,2.7385446098292388,78.7752456665039,70.91944845520361,211.13262479161463,121.98645885720943,137.20375045571134,66,71.2738037109375,70.91944845520361,1
3.318858716097514,1.1957733345919115,2.083948038029112,5.183055877685547,69.28562202527054,223.0564596910562,230.52129156413432,96.67632650565972,67,73.23074340820312,69.28562202527051,1
3.405308654655301,1.1529373336451085,1.995569484460783,10.649380683898926,65.63683689756206,104.41637502862395,74.75875238240673,171.86883573836133,68,47.687530517578125,65.63683689756208,1
1.3789142152006681,2.3794450326936665,2.3794450326936665,75.99429321289062,65.40443631110152,106.30721922451357,14.112811472090428,159.9814680648218,69,60.459136962890625,65.40443631110153,2
1.1271788496517645,2.594988176994801,2.594988176994801,59.0919075012207,63.58903041658187,109.67786133488131,169.52854743795666,320.87666874487184,70,28.942108154296875,63.58903041658188,2
1.7279990534722394,2.0811633757152075,2.0811633757152075,48.60030746459961,62.700998132363495,268.2689893662235,127.15694316241738,115.0578101551162,71,63.446044921875,62.70099813236349,2
3.315461606149721,1.1197130420108183,2.001133325147931,24.430686950683594,62.23652979799354,219.75725788131268,10.5825345382566,28.098551052199774,72,66.53594970703125,62.23652979799354,1
1.0680101526491468,2.6208404259156812,2.6208404259156812,77.01432037353516,61.45753599817438,341.9701125059636,69.59446803106607,270.32301281722346,73,60.047149658203125,61.457535998174386,2
1.3836837371302104,2.2608888853963385,2.2608888853963385,75.62461853027344,59.253482370170865,260.6603930366151,6.786943103864016,332.21914082766705,74,67.56591796875,59.253482370170865,2
1.170867061196266,3.788713537967618,1.5804482353605789,66.70796203613281,58.73517124390539,83.29008184264539,239.55755917762863,193.26639856451024,75,62.313079833984375,58.735171243905384,1
1.5411486393125369,2.114836054828402,2.114836054828402,78.21863555908203,57.74528696292695,188.8048798842208,12.88992265847167,347.19106242425397,76,63.961029052734375,57.74528696292695,2
1.842210601432927,2.9458512373129078,1.2282039419288353,59.413612365722656,55.83919911614486,225.10796919171202,1.5056024278160995,19.197220977159194,77,54.897308349609375,55.83919911614486,1
0.8187897876439785,2.8469703969291156,2.8469703969291156,78.34461212158203,55.59771269058482,168.6521635864021,167.7540235438324,338.6432684773275,78,55.82427978515625,55.59771269058482,2
2.4442007379768995,1.7496334891340761,1.450455963214903,164.73558044433594,51.96454231421737,105.54569484880473,329.85278596178244,111.05691284964313,79,53.35235595703125,51.96454231421737,1
0.6125507071842328,3.1780845387154995,3.1780845387154995,101.20167541503906,51.831233148572174,170.36595868901048,175.2039979212512,0.12436622217092186,80,51.08642578125,51.831233148572174,2
3.4665187021237056,0.8399812289660322,2.0558431024040154,1.9273104667663574,50.15008814868337,289.70220844030234,294.3561836014189,308.0427338377243,81,51.29241943359375,50.15008814868337,1
1.903373151430471,0.9788946787345969,2.9769008147875238,166.0222930908203,46.46681191196587,100.35251494874012,349.63287120695225,270.60210646541594,82,48.614501953125,46.46681191196587,1
3.136926750200292,0.9211529874202761,1.9174772897092072,179.4727783203125,46.41784526931876,34.11005284428299,342.9778162159904,77.09985774451447,83,45.833587646484375,46.41784526931876,1
2.856440938459707,1.071606808744441,1.7576339407812693,16.67340660095215,45.07209536135523,296.0360748695502,195.56629959242932,264.84831234674965,84,24.410247802734375,45.07209536135524,1
1.9726078114460068,2.9213497332008145,0.7640558113385937,65.05448913574219,36.88654587960561,325.9925482564597,336.56638254145764,42.723182447492746,85,37.078857421875,36.88654587960561,1
2.5450641719949956,1.1206416081045025,1.5397234613723347,15.88607120513916,36.7897479813999,275.4728367684108,14.154926340767172,168.55789936091088,86,18.642425537109375,36.78974798139989,1
0.44630194254456845,3.1147287788084794,3.1147287788084794,79.73162841796875,36.27336560787238,223.74410253353997,6.384601317557204,237.08613623605908,87,35.430908203125,36.27336560787238,2
1.8332657490419837,0.7415623535254245,3.0895745414562263,178.0479736328125,35.18765955456337,65.53284588353708,199.5117393857651,166.22939840544052,88,37.593841552734375,35.18765955456337,1
2.531396632830041,1.0442718250310068,1.547057254232428,174.89022827148438,34.260898662064456,214.46113755354202,156.78698193169564,71.17919466320323,89,34.40093994140625,34.260898662064456,1
1.7310449470617932,0.9890460804251795,2.356401617583674,3.931706428527832,33.79813901689091,201.33007264201632,303.14883119506186,118.63299816839155,90,33.3709716796875,33.79813901689091,1
1.574574842506224,1.7824131779484944,1.434931180926654,90.36734008789062,33.73815821505765,286.9934587929956,260.86360275042205,111.01206088597782,91,30.384063720703125,33.73815821505765,1
1.1304279794313767,1.5645345205582526,2.25727635889352,48.1286735534668,33.44501433255627,18.378207635777226,58.74040593063435,205.13849026988927,92,35.739898681640625,33.44501433255627,1
2.141681776745378,0.9529406224857359,1.9278033335522602,156.9693603515625,32.96113165501893,95.9531553820734,52.40165315603306,175.01044831849492,93,10.402679443359375,32.96113165501893,1
0.7286485765150787,2.31040906727735,2.31040906727735,112.78825378417969,32.584756981815175,14.98924727322709,124.82259896490038,301.7404282416905,94,33.679962158203125,32.58475698181518,2
1.5635027278894502,0.8918812990633099,2.781475871279719,13.022003173828125,32.493732651020196,22.528826354979866,272.70427302059926,137.83604043798584,95,29.6630859375,32.49373265102019,1
1.7240762543847983,1.1398015390742542,1.957376615150428,11.343549728393555,32.22394516879862,121.01814855839443,325.9710798171507,136.87445720785917,96,31.92901611328125,32.22394516879862,1
1.7633882646897359,1.0785993447733422,1.9975378617652233,174.16616821289062,31.828906842199693,327.76698773564266,123.48570889976679,160.11513774599135,97,30.796051025390625,31.828906842199693,1
2.4047674293499623,1.2559607671896684,1.2559607671896684,139.6433563232422,31.779263861361116,315.69170731707834,116.9365438182202,68.58819735822466,98,33.782958984375,31.779263861361112,2
0.9986179562013727,1.9465313214774365,1.9465313214774365,123.10690307617188,31.69865013208182,170.54878909157563,76.89624963256044,319.12202782460463,99,28.530120849609375,31.698650132081816,2
2.1835970647659897,1.5687014301533058,1.0980132446516635,2.3882954120635986,31.50931617417914,172.89353123131238,147.10301400459974,59.23551416063016,100,31.7230224609375,31.50931617417914,1
2.7292504700450726,0.8354491943907949,1.6489445907530067,137.10865783691406,31.498371847870043,310.5313298115266,203.66851883106412,82.01255060600158,101,28.839111328125,31.498371847870047,1
1.650190626883921,1.0368665719345846,2.1477694973234938,170.59300231933594,30.786708839534693,332.3515180533104,132.92004390330735,112.67768097061817,102,31.31103515625,30.786708839534686,1
2.59563875988253,0.9099459497089849,1.548295427052963,18.638038635253906,30.63601567137393,359.282257332242,67.02371864641921,81.60475322491428,103,31.002044677734375,30.636015671373926,1
2.252014049197501,1.0851870169022153,1.4522417893983672,5.413586139678955,29.7326226811129,40.9540297231961,340.97923646476283,143.80954707811577,104,33.3709716796875,29.7326226811129,1
1.6094896467139657,1.0326440278517501,2.1254109535065213,32.0047721862793,29.593773425743706,351.64676626523556,224.55834758825827,346.300409328841,105,22.556304931640625,29.593773425743706,1
0.5820254924473833,2.4546367460267446,2.4546367460267446,93.45939636230469,29.378869128023897,177.6695193613598,97.61379861011667,1.024414408895833,106,32.444000244140625,29.37886912802389,2
1.0734150242138112,1.771971114444197,1.771971114444197,56.92802047729492,28.235764476840075,292.32222404530864,168.84681096201174,22.490786815243574,107,30.590057373046875,28.235764476840075,2
1.2766752468571205,0.8651573485507125,2.919928991032385,155.60482788085938,27.018823485581485,58.338487932682824,167.5825836133549,333.51956072160806,108,27.80914306640625,27.01882348558149,1
0.9367412410443496,1.0820598477599332,3.168968405070416,75.95655059814453,26.90961207147557,273.22131380080157,198.3237277890476,173.04408006150254,109,26.3671875,26.909612071475575,1
1.6848991671743783,0.8179242361231895,2.273007503318525,22.05141830444336,26.242576205476592,172.16282219077672,191.59172757841392,275.30389892800696,110,25.74920654296875,26.242576205476592,1
0.6261893883240631,2.194689900390968,2.194689900390968,105.24374389648438,25.26798664948837,84.85871344042742,66.89545592252318,59.432407316268694,111,26.264190673828125,25.267986649488368,2
2.5513900403352787,1.271333673714779,0.9181448314531467,178.70242309570312,24.949750378442236,333.24989750730157,151.17405542705882,27.444851758634357,112,24.616241455078125,24.949750378442236,1
0.5449262303541785,2.30239732257093,2.30239732257093,61.69802474975586,24.20008333521442,292.2946883056682,142.79925073404868,177.69824555991943,113,14.110565185546875,24.20008333521442,2
0.7259478438293113,1.9906112452318272,1.9906112452318272,83.28858947753906,24.098883982140688,237.86403898838194,83.94286681343135,221.40671373675906,114,24.410247802734375,24.098883982140688,2
2.1492299007202864,1.2533166151564405,1.0480339225304447,170.63226318359375,23.65035238911506,125.83294524929512,150.21465890357325,130.13073159650804,115,25.33721923828125,23.65035238911506,1
1.5818927645954655,1.835837235621783,0.9593378887517217,125.05197143554688,23.340030325732418,219.59063929637153,56.06618037554278,230.30526206390132,116,18.33343505859375,23.340030325732418,1
1.9723300174730034,1.2354821663964324,1.1104981539253935,164.8916015625,22.670051736876186,181.00296597164683,307.52804723821225,201.3646675288848,117,11.844635009765625,22.670051736876186,1
1.5640742114033948,2.042080337281751,0.8460212646569716,62.837074279785156,22.63758338877985,92.55015789368305,302.3494081839192,2.0631624599116094,118,22.350311279296875,22.63758338877985,1
0.7815172354753118,2.2836827513528566,1.487188423557447,99.59977722167969,22.236116111966965,336.89766110837616,265.59251875927396,231.2842234896506,119,19.3634033203125,22.236116111966965,1
1.8371469168800647,0.6305315749405703,2.290167308690301,30.59385108947754,22.22473256508988,122.30146228343547,254.5186300693026,320.7458959947882,120,22.86529541015625,22.22473256508988,1
0.42887443924705626,2.4692678593814366,2.4692678593814366,103.63603973388672,21.907114356937587,98.58709194091347,77.39599186833811,293.1717120631058,121,21.732330322265625,21.907114356937583,2
0.863184973495797,1.7392896375316784,1.7392896375316784,132.99420166015625,21.87591843401641,35.869031137172776,19.66080073665684,318.7695681435159,122,18.642425537109375,21.87591843401641,2
1.9114689155674176,0.8197101221042664,1.6638820346520273,1.3759539127349854,21.840806710297404,283.9625127437268,265.65887154625756,287.49840775460706,123,21.42333984375,21.840806710297404,1
0.9594649015758105,1.2638331418272073,2.1132752724642248,118.04210662841797,21.468095000436474,311.11698420377564,61.57088581316218,303.8392895118563,124,22.04132080078125,21.468095000436474,1
0.7719479616522036,1.783119206091053,1.783119206091053,79.54444885253906,20.56209614165381,253.2705215133114,22.072091410151003,326.2767168655656,125,20.80535888671875,20.56209614165381,2
0.8515919951796416,1.6554533845019057,1.6554533845019057,99.70523071289062,19.551680316190087,16.165718291321248,131.08070983594283,314.55575187587954,126,19.15740966796875,19.551680316190087,2
1.6665091304683628,0.690440078167614,1.9999189633431758,12.216408729553223,19.27812064672997,178.6945779430351,53.61886952066669,349.40553561430266,127,20.39337158203125,19.27812064672997,1
0.8670463664904318,1.4483923234084854,1.8283526576464528,132.7461395263672,19.235660761723288,235.402280585651,93.64534593272089,270.90396604786366,128,19.054412841796875,19.235660761723288,1
0.8556250224614114,1.4683300964259423,1.8182885349769744,77.65386962890625,19.137648903730565,17.13505699641513,147.71396728712767,232.40606401267917,129,10.711669921875,19.13764890373056,1
0.6397015672357239,1.8768882967522673,1.8768882967522673,98.2752914428711,18.878734215144103,107.17429826259318,50.89513136629457,179.53262169014914,130,18.5394287109375,18.878734215144103,2
1.2600868970836439,0.971481477854206,1.8002477220213557,161.26048278808594,18.462303900622185,230.5122634663542,265.2447194347952,27.921831673969674,131,18.5394287109375,18.462303900622185,1
0.86275248158483,1.1116569221772399,2.2240679288863454,91.39601135253906,17.869962714945093,108.15304158105002,146.7226293992644,133.90219345049528,132,17.92144775390625,17.869962714945093,1
1.029892486118468,1.3981503124334538,1.3981503124334538,46.193424224853516,16.866237937138255,316.0361041787688,133.3502971658219,95.04273200651478,133,18.33343505859375,16.86623793713826,2
1.255380295110521,1.5758209414927555,1.008579069383775,94.9023666381836,16.715167437283576,206.62845774019797,82.24320844014437,261.5374376910235,134,16.8914794921875,16.715167437283576,1
2.5493026116457678,0.5707738430677437,1.324860791983179,168.14462280273438,16.15006616871621,325.98679866184483,135.405785647524,144.42849744692086,135,17.50946044921875,16.15006616871621,1
0.7469821271850303,1.5825647308067294,1.5825647308067294,120.7158432006836,15.672987283168283,271.82615470196083,178.26623659105647,346.5502386028104,136,15.552520751953125,15.672987283168284,2
1.53039746378174,0.697035745388694,1.7433393943082958,170.59637451171875,15.579726752446668,354.83040185373363,287.4017979230654,185.08155422429934,137,15.346527099609375,15.57972675244667,1
0.6844317900284163,1.4418522433669492,1.8685853373085868,131.3216094970703,15.448363229888027,121.37665347329467,2.822429194158156,174.62826210635276,138,9.4757080078125,15.44836322988803,1
1.7611341217698324,1.339941121112113,0.7747390204183396,158.7309112548828,15.316240669511755,177.84545767692714,332.43365426145766,229.21054965237798,139,15.552520751953125,15.316240669511759,1
1.8023986376697636,0.7563251730144562,1.2233861797361119,175.54725646972656,13.971453218232783,319.6098126665721,225.64180388821748,222.97220083919095,140,14.522552490234375,13.97145321823278,1
1.9628214401191326,0.83771913826216,0.9766167492023955,177.3735809326172,13.453088640811263,61.9305675396761,324.30721310709833,117.44741218389977,141,13.286590576171875,13.453088640811265,1
1.2135125045607704,0.8206625315498569,1.5811625658339645,10.065054893493652,13.191797929918081,255.04512547200503,241.49302700952623,117.81218230811919,142,14.21356201171875,13.191797929918081,1
1.7690156742055256,0.7057664333866216,1.2254259900878912,176.93365478515625,12.817353794785825,76.52753912028732,23.339160464768295,194.18416134683284,143,5.56182861328125,12.817353794785825,1
0.5752404030417145,1.6182015533414433,1.6182015533414433,102.7337417602539,12.619240413127454,67.7646940089199,56.960691822499726,119.0874750764891,144,13.080596923828125,12.619240413127454,2
1.8108278302674952,0.6198324857797116,1.334543938400185,162.8330841064453,12.54882250663763,20.340805907139462,173.027184622214,263.68455463477477,145,14.110565185546875,12.548822506637629,1
1.19515425899063,1.4738780281020443,0.7928195184002574,125.6551513671875,11.699800234367487,309.67274849159276,60.683153984823115,189.30801046151237,146,11.74163818359375,11.699800234367485,1
2.283266438859255,0.7815804392811587,0.7815804392811587,157.06935119628906,11.68483439022082,29.674572147044497,37.804800717701106,79.28333887927873,147,6.282806396484375,11.68483439022082,2
1.2399427655324267,0.6936704265767764,1.5806704715078543,7.218442916870117,11.389765007121442,186.06454597980965,178.8659109024624,323.3604272764868,148,12.256622314453125,11.38976500712144,1
1.7782780594893162,0.9238594917110684,0.8162733689430876,166.5843048095703,11.23465726682246,140.78775279471486,74.8224718966755,35.833396123502176,149,11.9476318359375,11.23465726682246,1
1.5278338303694337,0.7458880295669014,1.1688033945641854,1.3542834520339966,11.158603059533856,317.97975280685836,15.56296093435256,330.1305804338692,150,10.608673095703125,11.158603059533858,1
1.7179171002749078,0.6532631359477621,1.1739068889462632,176.76280212402344,11.036785707472903,311.5665013121444,166.1174297393674,56.95076156722495,151,10.50567626953125,11.036785707472902,1
2.01403090455941,0.5850287140063429,1.1092837921206378,28.515199661254883,10.949759619567324,29.825533147709727,293.3558245824023,306.3769658381823,152,12.359619140625,10.949759619567324,1
0.5283154091676949,1.56612398273553,1.56612398273553,91.38147735595703,10.855858228412906,182.58687163558986,50.07732625971465,44.50698268938439,153,3.50189208984375,10.855858228412906,2
1.2642458588947283,1.5293577233289688,0.6420005444527588,57.63593673706055,10.399072876154637,3.5057841167970727,3.395372293476706,266.0201602936844,154,7.106781005859375,10.399072876154637,1
0.6542574131839023,1.3569141814762682,1.3569141814762682,73.72494506835938,10.091878657013547,281.59836636085043,75.31357553459164,157.24425009982886,155,10.402679443359375,10.091878657013545,2
0.8080418290733594,1.199583161607225,1.199583161607225,49.20446014404297,9.74121592304655,30.30491891514922,4.7232237598433,342.59327278225544,156,10.50567626953125,9.74121592304655,2
1.599711412404012,0.6128320492750795,1.174700589472247,1.4688459634780884,9.647813603098134,3.752955312888795,240.6482422783244,220.71668307873983,157,10.402679443359375,9.64781360309813,1
0.4991461904540404,1.4957606427799532,1.4957606427799532,98.4163818359375,9.35557681956705,93.90871188274757,96.28273284530701,42.670782217736225,158,9.372711181640625,9.35557681956705,2
1.1929325695219324,0.9673258276197753,0.9673258276197753,25.799713134765625,9.351473942366868,261.08568804369776,142.97638136629848,278.7395602002271,159,9.4757080078125,9.35147394236687,2
1.8424091067991943,0.6240946741659141,0.9678701694060508,169.53985595703125,9.323355791507451,204.06805359258288,306.04363830042394,259.8771813590374,160,9.26971435546875,9.323355791507451,1
0.4895036834786485,1.5059183837744157,1.5059183837744157,83.603759765625,9.29988202448664,345.16661410560755,81.65215350892535,10.72315471950799,161,3.50189208984375,9.299882024486639,2
0.4905360438463057,1.4903617320532656,1.4903617320532656,91.87300872802734,9.127942812135956,328.6553123502964,82.75411843724281,79.5768610086753,162,8.342742919921875,9.127942812135956,2
0.6543012206122064,1.2899745386981893,1.2899745386981893,134.7482452392578,9.121339321646948,26.124999144751936,122.26139111530064,49.427566420925345,163,9.26971435546875,9.121339321646948,2
0.5569158409369657,1.5862025450690047,1.1947177167375662,123.52335357666016,8.841625636447993,112.93613962472963,246.28942208876848,175.7013976525668,164,4.73785400390625,8.841625636447995,1
0.8030185457556717,1.0358664757851814,1.2479591480205796,107.25608825683594,8.696576615515173,66.72656378132803,203.30376699464665,18.041059618545987,165,8.23974609375,8.696576615515173,1
1.7488239505669718,0.7967721552550763,0.736133426834473,12.904501914978027,8.593209199523818,294.59041950276645,62.75364957924315,158.67637017481255,166,9.990692138671875,8.59320919952382,1
1.4148188023619488,0.6211103285938803,1.111863318830086,12.781922340393066,8.185393868250806,200.42491459152663,13.720636532402342,124.9481280697615,167,8.548736572265625,8.185393868250806,1
0.5873793657315813,1.2566107823785426,1.2566107823785426,62.5302619934082,7.7703191095982,31.476695255733837,163.14813635491592,71.00194449915077,168,7.930755615234375,7.7703191095982,2
0.48287281892856404,1.383288902576619,1.383288902576619,83.3038330078125,7.7406449955586565,4.556184374564527,48.48398184811761,44.39025285590989,169,8.03375244140625,7.7406449955586565,2
1.3664348697390436,0.6032203399625665,1.1024420935866548,2.1867291927337646,7.612710338945651,249.04733005589915,286.3754725049527,147.77164057230368,170,8.342742919921875,7.612710338945652,1
0.2087476470831255,2.0717081620536986,2.0717081620536986,95.47579193115234,7.505806223630794,154.59671961534895,110.98979830078939,73.7959387098695,171,8.136749267578125,7.505806223630792,2
1.5455492516028622,0.6735104467658595,0.857736284420497,175.91175842285156,7.479965121266587,265.2517860168507,226.57156254276543,336.4455877621565,172,7.8277587890625,7.479965121266586,1
0.6595548477402746,1.1498033521165674,1.1498033521165674,107.22450256347656,7.304940159177356,268.28814229218403,52.711891745183834,224.1693341739029,173,7.20977783203125,7.304940159177357,2
1.110449048246939,0.8842711066802647,0.8842711066802647,185.00140380859375,7.274248124662477,127.88859476336688,111.25304029662551,178.29658885180757,174,7.20977783203125,7.274248124662479,2
0.6484293221229012,1.113897534941101,1.113897534941101,117.88691711425781,6.7401837470691595,122.37451919134953,26.7010411540127,304.6274373568567,175,7.20977783203125,6.74018374706916,2
0.5398736632372249,1.1934167220286964,1.1934167220286964,97.5315933227539,6.4416182608658135,341.1729761437691,63.518483632280095,86.87800015812401,176,6.38580322265625,6.441618260865813,2
0.5036602005906343,1.2301708705263528,1.2301708705263528,87.04747009277344,6.385385433449933,171.50267704793671,173.9147414389017,268.8354096059187,177,6.38580322265625,6.385385433449933,2
1.3936667214938356,0.4916974610869796,1.1015690230080724,21.009170532226562,6.323932349239396,344.6792817029653,353.0449656890982,34.05012386636253,178,6.591796875,6.323932349239396,1
0.32126402260892717,1.5240200294621358,1.5240200294621358,54.43867874145508,6.251180619442125,30.77953519446183,177.51633635580677,184.43413577909544,179,6.38580322265625,6.251180619442125,2
1.1684145075265708,0.4802920126258967,1.3006291149248845,22.481842041015625,6.114689117019597,217.92568411541674,267.87743614280004,332.67217059425445,180,7.0037841796875,6.114689117019597,1
1.2279976246932742,1.0989259915064136,0.5205246789508923,154.88858032226562,5.884721333887647,191.08958802855116,302.04128969214116,343.2027640668619,181,6.076812744140625,5.884721333887647,1
0.33488952840449976,1.4240608451034384,1.4240608451034384,87.34152221679688,5.68954142715,324.71433177806733,171.74117638831535,137.0100781057493,182,5.252838134765625,5.68954142715,2
1.3035419736317282,0.6921227375735728,0.7512216738334307,9.400894165039062,5.677992979262443,335.5725068768978,57.363220298591386,141.46756531477428,183,5.767822265625,5.677992979262442,1
0.6196476998024377,1.0427901310196868,1.0427901310196868,86.28247833251953,5.644913242130524,283.83868113972767,49.91110385708751,162.72361582292473,184,5.767822265625,5.644913242130525,2
1.077900885948849,0.46851349140066095,1.3243290126307696,1.5302537679672241,5.602932993614019,73.70225560170398,131.6832890676878,121.65475935248143,185,5.664825439453125,5.602932993614019,1
0.4673814052674909,1.1814851113455862,1.1814851113455862,95.74726104736328,5.465709448875847,64.69913511613575,36.06576413502941,117.54950992851903,186,4.634857177734375,5.465709448875847,2
1.2453875652498865,0.4641640193155157,1.122744953041328,17.086584091186523,5.4372050768818925,35.805941267344224,316.5984565179989,5.011355930302486,187,5.97381591796875,5.4372050768818925,1
1.061320483959341,0.5083651940836681,1.197233747404936,28.283226013183594,5.411527999441926,13.406719952197314,91.37988496569757,35.97757665356046,188,5.56182861328125,5.411527999441926,1
0.46110033782850796,1.2566421950485145,1.1134586568873142,127.9629898071289,5.405050795757766,82.56460312392772,254.0065949077224,48.274085796716236,189,5.97381591796875,5.4050507957577665,1
0.5781067145601645,1.0459723669508951,1.0459723669508951,93.63839721679688,5.298672056074518,244.80961773158091,48.44058594719384,11.112021356883597,190,5.870819091796875,5.298672056074517,2
1.396111327379562,0.8971911756862524,0.5044522432997143,150.50633239746094,5.293509622182195,350.42039543142147,0.6503205465098771,194.95862929566005,191,5.3558349609375,5.293509622182195,1
0.5572099562520479,1.0645210754868584,1.0645210754868584,78.09762573242188,5.289882200407823,308.41678338827586,1.3473180549492492,99.40816027236066,192,5.3558349609375,5.289882200407823,2
1.3750226395502472,0.4151926603024905,1.1015928340238519,37.813629150390625,5.268648476208345,21.94561964578872,121.51726689842096,327.39243192597775,193,5.56182861328125,5.2686484762083445,1
0.8376397550389483,0.43741632006748776,1.707480004544334,168.9315643310547,5.241148865665093,233.66046711230365,115.1412115634406,356.3464796333131,194,4.94384765625,5.2411488656650915,1
0.6788361716485015,0.9907287398311383,0.8015105391597834,96.80717468261719,4.515933929787319,208.52756664249756,132.27103748484296,315.64226526337137,195,4.428863525390625,4.515933929787319,1
0.3820973782329792,1.178031799211157,1.178031799211157,99.06314086914062,4.442287786832391,77.22308178574245,79.80326353096359,21.21869952153849,196,5.14984130859375,4.442287786832392,2
0.44839760286747565,1.0806839349685786,1.0806839349685786,123.20719146728516,4.387117619478531,116.38715500592126,27.41808017704327,45.35887332314655,197,4.222869873046875,4.387117619478531,2
0.7047901805891248,0.5001265590682353,1.4532894740926663,178.58811950683594,4.291513627428322,103.98528991432887,170.38488409960823,69.89832259892873,198,4.5318603515625,4.291513627428323,1
0.4401545681859173,1.4152712583493137,0.8205117297518426,85.12642669677734,4.282016135923991,175.8207768107456,46.46550194439977,103.81041866264346,199,4.428863525390625,4.28201613592399,1
1.1469687371175166,0.5682499012670433,0.7773502951488274,13.207165718078613,4.244497891856753,82.17909163570378,292.96976681837094,274.22509015454676,200,4.634857177734375,4.244497891856754,1
0.687384344464575,0.47774422747329015,1.4727113259634972,167.15155029296875,4.051644352565966,126.69694361570896,355.18533679446193,219.3488504279837,201,4.016876220703125,4.051644352565967,1
0.5977710459625054,0.8929047654822402,0.8929047654822402,55.35789489746094,3.992673175842401,188.3538922264124,89.36517008789353,133.4873956150561,202,4.32586669921875,3.9926731758424006,2
0.4444008610041823,0.6540251297357675,1.5930601367184662,126.23323059082031,3.8790028854748173,139.40332816602623,45.03458678392911,246.96430732748212,203,3.810882568359375,3.8790028854748173,1
1.630562438975343,0.24180087212913545,1.1684303553169728,4.241464138031006,3.859372811465277,191.69777119028168,295.1823956543314,243.67786450205492,204,3.91387939453125,3.8593728114652777,1
0.6773440225166036,0.4586636797267504,1.453392655161044,173.92721557617188,3.7827289185624475,106.6461689320379,141.807893142588,98.8019487598555,205,3.810882568359375,3.7827289185624475,1
0.3718367891293019,1.07385177386619,1.07385177386619,98.583740234375,3.592192807004351,330.59814459189914,48.995174300398126,162.42900226568648,206,3.7078857421875,3.592192807004351,2
0.5294458868207761,1.1193638125985719,0.7115445845394857,77.92106628417969,3.5327553600550057,237.36184102885156,180.21412821451233,169.306143732523,207,3.50189208984375,3.532755360055006,1
0.8083045790267078,0.37538859701505806,1.3853566460736872,5.808111667633057,3.5215698962661266,195.9731093885345,164.1320341844683,324.87094240935636,208,1.64794921875,3.521569896266127,1
0.5253106737451222,0.835520629830038,0.9392334544285443,125.03592681884766,3.4535485128774743,280.5452189524118,321.8999313901754,293.116670334891,209,3.7078857421875,3.4535485128774748,1
0.7637780181982151,0.4217406881279957,1.247887714973241,178.32135009765625,3.367493542568321,62.459136241981405,117.71092776299211,172.37504484355236,210,3.192901611328125,3.367493542568321,1
0.33981750927691917,1.077781290723414,1.077781290723414,104.26947021484375,3.30693484340763,65.9463037823012,29.238978573616077,268.5852300985945,211,1.338958740234375,3.3069348434076304,2
0.1916924359638407,1.4322478195230741,1.4322478195230741,78.93596649169922,3.294275533231564,289.80403778728277,124.43246552451309,250.9464402471835,212,4.32586669921875,3.2942755332315636,2
0.6684400444432141,0.7262695871553326,0.7262695871553326,92.20928955078125,2.953770718723076,236.107100270094,4.171413216352922,323.33439034325465,213,3.192901611328125,2.9537707187230757,2
0.9299709591171464,0.36637216726015814,1.0271675357023227,15.623371124267578,2.9319175292075146,98.82370486329954,96.30930724424525,190.42946838815868,214,2.471923828125,2.9319175292075146,1
0.3001497883311414,1.075199396331275,1.075199396331275,124.01508331298828,2.9069306440721814,7.151920534596634,42.86770184625147,104.10986799612245,215,1.85394287109375,2.9069306440721814,2
1.360355098852365,0.4376544224288854,0.5585826191718299,1.4083014726638794,2.786054663030301,272.82391378680467,111.10875586495283,48.86396301364587,216,2.8839111328125,2.786054663030301,1
0.6301111466302701,0.7120080930634259,0.7120080930634259,115.56117248535156,2.6761202694084654,19.49257118523203,23.41527192121988,309.5647494930939,217,2.780914306640625,2.6761202694084654,2
1.0627094538243589,0.5837746672358426,0.5107462884707682,145.589599609375,2.654505401120244,7.599319402295834,55.19212364632133,147.25759724817513,218,2.67791748046875,2.654505401120244,1
0.3320137788925868,0.9649624026703013,0.9649624026703013,82.97921752929688,2.589974556431689,259.79113470622354,178.05458907606257,7.160917133032183,219,1.338958740234375,2.58997455643169,2
0.7366651939700031,0.46554504139656466,0.8711577603148881,153.4987030029297,2.502921740773156,303.03689068329055,153.75073691115108,178.9141409272532,220,2.574920654296875,2.502921740773156,1
0.272738188926413,1.0448589202634615,1.0448589202634615,92.15243530273438,2.4944790842413593,163.31849514020905,134.4792041714214,59.48742450791404,221,2.574920654296875,2.4944790842413593,2
0.30225966477954036,0.9857105658031448,0.9857105658031448,73.53667449951172,2.4603541485538853,336.4836385418178,47.78949638748698,218.83667992550852,222,2.26593017578125,2.460354148553885,2
0.29250245898133725,0.8896747482307433,1.1233799134621154,53.716007232666016,2.4490973292840534,211.1431487769763,274.2386850323792,114.12385347760491,223,3.604888916015625,2.449097329284053,1
0.3308415753736696,0.9366565592984919,0.9366565592984919,76.89583587646484,2.431640917381614,113.28371987937184,144.18646103388141,256.1919274238645,224,0.926971435546875,2.431640917381614,2
0.4929594556414487,0.6455404445749684,0.8927543516269154,111.60013580322266,2.3800453875188956,91.2879880400487,278.77364093096446,141.67728011855166,225,2.368927001953125,2.380045387518896,1
0.5166276251427693,0.6555648709550023,0.8273613652910855,49.15730667114258,2.347508322317787,169.76510395210082,109.28995625405652,148.9292570463387,226,2.0599365234375,2.347508322317787,1
0.9798311926122499,0.484419230609344,0.5846874294714469,11.093232154846191,2.324957392100435,119.59450931379868,192.4638576426554,122.01771907873483,227,2.780914306640625,2.3249573921004347,1
0.7607778243664817,0.39733441549881393,0.9146525491388168,148.6186981201172,2.3162678682890827,90.62904118903963,332.73308761028284,258.51734545041165,228,2.8839111328125,2.316267868289083,1
0.8002002994069375,0.5865141926766957,0.5865141926766957,135.61351013183594,2.3060799829954983,39.786105688635296,143.03853834487663,208.39609729351034,229,0.823974609375,2.3060799829954988,2
1.2017975656072846,0.6202769466748697,0.36909455559838594,21.11430549621582,2.305012072882457,80.30314807682666,115.26200622037948,304.4051500943091,230,1.544952392578125,2.305012072882457,1
1.2732067960865605,0.5710992764363219,0.3720709325708263,171.32476806640625,2.2664957332372118,243.68493563877047,178.75321061357565,255.73879748585776,231,2.471923828125,2.2664957332372113,1
0.48607014618766564,0.6191737185668242,0.8863650623927434,84.22818756103516,2.234820756386934,253.77471218620659,123.63837792913266,144.40238252265584,232,2.162933349609375,2.2348207563869336,1
0.572512042345008,0.8920797098131016,0.5176514830468298,118.12666320800781,2.2148501842868678,152.29028503423154,192.50619638491784,67.39895859028184,233,2.0599365234375,2.214850184286868,1
0.6034425940642646,0.9382492384359472,0.4566079755933927,49.80046081542969,2.16578968141281,183.92050336696738,57.257271460976696,90.35118510440287,234,1.02996826171875,2.1657896814128095,1
0.6664544703899219,0.45612379504987466,0.8433782419054445,172.85617065429688,2.147801849718155,144.13074498050943,313.90389403510244,190.5808924270792,235,2.162933349609375,2.1478018497181552,1
0.9073640553168457,0.5180816438349123,0.5180816438349123,173.37271118164062,2.04031201026625,272.3054218788802,107.69479060472767,138.59840931551224,236,2.26593017578125,2.04031201026625,2
0.7720404492573163,0.31882949337787553,0.9553297010955019,4.348942756652832,1.9700190642683864,119.07038820751865,216.92177273096908,191.28894899459436,237,1.02996826171875,1.9700190642683866,1
0.8573711695226445,0.6329602852583591,0.429042756325965,169.31411743164062,1.9505833638195067,175.13977289354648,95.01100380789725,215.77018202135667,238,2.0599365234375,1.950583363819507,1
0.44025774745279755,0.5746788542577308,0.9054932450689602,109.31631469726562,1.9192698645312263,60.01115887012396,75.36495020102946,116.74419141167634,239,2.0599365234375,1.9192698645312265,1
0.355276232945597,0.5757741818900454,1.1127443264139283,119.85482025146484,1.9069193944126521,183.83324348594059,84.042107188057,43.45876739882382,240,2.368927001953125,1.9069193944126526,1
0.414351377907749,0.6069427886624617,0.9048027256113541,108.46978759765625,1.9062903452345905,43.58760372182623,50.01694142891775,240.63893775451112,241,1.956939697265625,1.9062903452345903,1
0.9030248491193268,0.31308310364374375,0.798335737055847,165.54176330566406,1.8908779926981087,95.70475104526614,276.9015249844095,190.5202192789188,242,0.926971435546875,1.8908779926981087,1
0.6474453107743873,0.3477678242364136,0.98637132866674,148.527587890625,1.8605936434840433,207.02516364398406,146.79303849336972,36.221006454303335,243,1.956939697265625,1.8605936434840433,1
0.8262184110099279,1.0125872273077134,0.25850032430776143,117.18196868896484,1.8117864632941016,155.97677285142407,244.82904984960166,223.8311320149814,244,1.85394287109375,1.8117864632941016,1
0.9106444085334782,0.4049221837770902,0.585933539297242,152.3377227783203,1.8100366086697848,299.08281576374986,286.6641910290277,351.0530416617599,245,1.750946044921875,1.810036608669785,1
0.38901961422034714,0.7415536015014113,0.7415536015014113,109.68386840820312,1.792153483601992,352.31848791496583,61.916023601700246,32.12813953836487,246,0.926971435546875,1.792153483601992,2
0.8149002935560256,0.5662735996283814,0.46282265071184825,10.961524963378906,1.7892210514286382,196.22098902936057,347.7970348388307,328.4299448106519,247,1.2359619140625,1.7892210514286382,1
0.5168481288396646,0.6419066988211533,0.6419066988211533,59.98075866699219,1.7841253711304867,108.42100462254987,134.64264416455117,96.30538077093584,248,1.64794921875,1.784125371130487,2
0.2586749400054654,0.8465054134396311,0.9630047851817682,97.51774597167969,1.766571203959506,127.98363081807277,283.86207883322226,253.12327976950183,249,1.750946044921875,1.7665712039595063,1
0.39805667036697556,0.5258583612153984,1.003245401849162,49.50695037841797,1.7592982571658171,57.36700071537908,216.15662413617204,274.64836754294384,250,0.308990478515625,1.7592982571658171,1
0.3304849895304281,0.7969344225111052,0.7969344225111052,110.92076873779297,1.758391257319167,303.22217204445025,27.265987010592617,237.3250339106808,251,0.720977783203125,1.758391257319167,2
0.7109810785266525,0.4038269034530136,0.7270931778435141,30.544015884399414,1.7488878736538986,65.07608313963831,83.76501872116702,126.37572467924758,252,2.0599365234375,1.7488878736538989,1
0.5043550166808085,0.6417721541925392,0.6417721541925392,97.1041259765625,1.74027022268662,65.03799997042499,93.29795910309635,205.98744871565802,253,1.64794921875,1.7402702226866205,2
0.6873049612413632,0.4142085070292629,0.7270296818014355,177.0246124267578,1.7339606591158365,20.335519544850506,268.08311075291004,29.470363761865286,254,1.544952392578125,1.7339606591158365,1
0.9070147312881233,0.4765757139969299,0.4765757139969299,162.92356872558594,1.7258250169367864,37.668445093959015,60.79166549810396,279.98884025338907,255,1.544952392578125,1.7258250169367864,2
0.2491993364934176,0.9014222352519106,0.9014222352519106,114.33655548095703,1.6963756101707703,24.114387050136564,57.99867075650158,330.4536853073184,256,1.956939697265625,1.69637561017077,2
0.6517233947285274,0.7350381217435876,0.4194627909773369,49.54077911376953,1.6833918565229375,228.86930282558694,117.71488920378839,45.35751976492688,257,0.823974609375,1.6833918565229378,1
0.3653165312394495,0.5672815962535154,0.9550122208851083,128.2252655029297,1.658042100225576,13.236795991848576,182.25761729762058,11.133624968764174,258,0.823974609375,1.6580421002255763,1
0.8985324588474575,0.6755264400161274,0.3223376576126626,159.25393676757812,1.6391012172768908,69.65992213522925,318.5409366075409,326.3007388159754,259,1.64794921875,1.639101217276891,1
0.4287189370690483,0.6755285215785954,0.6755285215785954,94.69082641601562,1.6389988639605837,230.15646596888928,17.291936300795644,358.4537783199394,260,1.544952392578125,1.638998863960584,2
0.44609936866984073,0.480284064841928,0.9071838271893065,53.28677749633789,1.6283347471389078,3.3152123265615474,134.8502634538083,102.86405785013986,261,1.750946044921875,1.6283347471389078,1
0.44451993583900007,0.7222595516771867,0.5871082160756984,95.44857788085938,1.5791424197173272,138.3021840733648,188.33455838048525,33.80796718202001,262,1.750946044921875,1.5791424197173274,1
0.9568376858917542,0.6124193322075586,0.32166301216557613,152.76316833496094,1.5790900358532007,2.8369120487463606,351.17274552696597,166.3915711078975,263,1.750946044921875,1.5790900358532005,1
0.3329886834053032,0.7367003912990076,0.7367003912990076,68.75391387939453,1.5140139624964004,320.6142752243475,166.6575380817937,124.04030695434244,264,1.132965087890625,1.5140139624964006,2
0.3231075536778966,0.6415164058584014,0.8699989575469513,72.10639190673828,1.5107486529296543,260.83214692516003,193.06167684771216,306.42743836445095,265,1.956939697265625,1.510748652929654,1
0.6163560872251829,0.3318144456321559,0.8722927520670455,166.78236389160156,1.4945410481401975,244.4207398553732,192.64372943129527,302.9989354720918,266,1.750946044921875,1.4945410481401975,1
0.5905766929906829,0.45542538353361933,0.6565490750940474,3.252509355545044,1.479378610440867,59.17771971101873,255.65221542965074,203.14528607778422,267,0.61798095703125,1.4793786104408673,1
0.33906748447310475,0.7190834185086685,0.7190834185086685,96.74761199951172,1.4688021447168624,141.8720691366957,44.71167323763862,174.21227222807448,268,1.750946044921875,1.4688021447168622,2
0.7967880508230138,0.416811832053175,0.5240804573073011,24.666358947753906,1.458140664306402,148.7403640728725,316.8115975413114,155.60591269509908,269,0.61798095703125,1.4581406643064023,1
0.2745729916254882,0.7948712156394039,0.7948712156394039,108.77645111083984,1.453349150971271,357.55369378900247,161.60108023945992,341.16177921999224,270,0.926971435546875,1.4533491509712713,2
0.34648797082213373,0.7063594894570528,0.7063594894570528,95.21102905273438,1.4482993459543487,205.10410962520103,101.35080821294856,279.8954332440456,271,0.926971435546875,1.448299345954349,2
0.6477548958832658,0.3422833565614668,0.7772312400699297,163.13766479492188,1.443661383426566,222.69224235848264,321.95862150707217,335.80749686276494,272,1.64794921875,1.4436613834265661,1
0.5776393564778584,0.36865008256961096,0.7951133129203514,32.993080139160156,1.418465381559102,111.6796534834263,237.21815515603413,43.56112247066126,273,1.956939697265625,1.418465381559102,1
0.5511932472465023,0.45913193666557683,0.6660179223690377,36.71887969970703,1.412036464775824,277.17089602774473,275.3816772923808,279.15495513088007,274,1.750946044921875,1.412036464775824,1
0.7202832500385248,0.5189611039776466,0.44627399474507984,167.80517578125,1.3975208940705406,164.4832239654988,113.30464279632577,176.34199627020143,275,1.132965087890625,1.3975208940705406,1
0.3270668983791226,0.7120682218338087,0.7120682218338087,115.46028137207031,1.3893075841018598,18.285521002029604,66.27464496045532,212.48456496289262,276,1.750946044921875,1.3893075841018598,2
0.31502047060260635,0.7235879196894426,0.7235879196894426,74.72337341308594,1.3817834805263827,74.76781598275278,35.298605637419804,213.459704750986,277,1.64794921875,1.3817834805263824,2
0.6056173064527182,0.37577751803891063,0.7181402359104135,11.675488471984863,1.3691686167285897,21.47391227446308,56.077621677527205,59.97134957657093,278,1.44195556640625,1.36916861672859,1
0.32444096001748984,0.6375240636612336,0.7855254105664636,63.15387725830078,1.3611660336136668,42.2139519492715,91.58045526565937,141.19719046130209,279,1.544952392578125,1.3611660336136673,1
0.3791824811541962,0.7306013186512619,0.5730755907762995,77.40047454833984,1.3300232457356251,137.7532994113793,39.16332055593077,230.67801823307954,280,1.132965087890625,1.3300232457356251,1
0.7517016916153402,0.45835187113069004,0.45835187113069004,136.3828887939453,1.3230070235411457,46.820104428942145,94.46650542411633,144.85261065053106,281,0.926971435546875,1.3230070235411457,2
0.9101915740802101,0.4074622103786797,0.4074622103786797,218.053955078125,1.2659777980258593,327.3401023278558,169.6415261552041,57.79484124150742,282,1.956939697265625,1.2659777980258593,2
0.28086900846765045,0.7327002432425848,0.7327002432425848,118.8729476928711,1.2632086691932984,323.7830157885753,28.55925886330308,276.4848594608119,283,0.926971435546875,1.2632086691932984,2
0.2998546558889441,0.7015869398002845,0.7015869398002845,84.04899597167969,1.236495082242232,190.73719127248108,150.34483640422425,129.89467185119275,284,1.544952392578125,1.236495082242232,2
0.6701927673495166,0.3647450713796238,0.5971485277293973,9.641313552856445,1.2228977324645154,341.4427441042089,90.5149384155954,331.18518003050514,285,0.720977783203125,1.2228977324645154,1
0.3667372685862233,0.5557173813460088,0.7001470449863539,55.23357009887695,1.1954100200230329,259.020968480023,120.79484515310443,319.6117934310636,286,1.132965087890625,1.1954100200230329,1
0.4602663882106424,0.5535669853918406,0.5535669853918406,60.098331451416016,1.1815938662996766,326.66030470043484,42.48274994948768,29.725289831049253,287,1.132965087890625,1.1815938662996766,2
0.6497232497379591,0.3676897016859328,0.5736470551550081,148.42413330078125,1.1480828976059636,92.93255245374125,335.4398116023415,279.9519762092112,288,1.338958740234375,1.1480828976059636,1
0.3653482987212056,0.6489771515178911,0.5552887619889959,61.253211975097656,1.1029961218826487,226.32271388049713,5.601743537364161,32.95706461043848,289,0.514984130859375,1.102996121882649,1
0.7705386019366469,0.4116654053922093,0.4116654053922093,43.689849853515625,1.0939607746794393,291.29116487045366,11.838326273274053,255.97142140927872,290,1.85394287109375,1.093960774679439,2
0.36500699343880877,0.5570587118154519,0.6307379339890444,109.34796905517578,1.0744091845344494,305.37577929145357,84.15789736546914,241.65768146152345,291,1.2359619140625,1.0744091845344497,1
0.3396241605085838,0.6132447663426004,0.6132447663426004,101.77930450439453,1.070002725268665,286.34303857341575,140.58702116153353,122.29921445521424,292,1.338958740234375,1.0700027252686648,2
0.6092263573063447,0.4540550058061,0.4540550058061,153.6293487548828,1.0522385899918874,299.0581554562146,136.21357935192398,236.54412851326072,293,0.823974609375,1.0522385899918874,2
0.40789058647294857,0.5308534015150543,0.5308534015150543,97.98054504394531,0.9629672040145107,14.178290313176056,43.50881530747303,262.6678428178397,294,0.61798095703125,0.9629672040145106,2
0.6759057574676843,0.4087055654874125,0.4087055654874125,2.976219892501831,0.9458578100183727,252.19567596017293,99.72602294028506,203.64042307032548,295,1.338958740234375,0.9458578100183724,2
0.7381855861199328,0.3846775222203157,0.3846775222203157,15.073132514953613,0.9151194497662949,236.7219345716858,147.37646820578908,108.28119915036734,296,0.308990478515625,0.915119449766295,2
0.6252621941692783,0.4047393847458086,0.4047393847458086,156.54852294921875,0.8580877649213001,76.12300364596366,20.501037898144155,214.24057446258638,297,1.132965087890625,0.8580877649213,2
0.6496418322605172,0.3844703594465108,0.3844703594465108,183.2824249267578,0.8044856744028189,216.76547383112833,44.45643183700193,55.01750758780231,298,0.823974609375,0.8044856744028189,2
0.6283324041931175,0.35182339389354716,0.35182339389354716,221.1407470703125,0.6515646140274364,264.3478640917867,68.4841795036192,255.22690961744345,299,0.514984130859375,0.6515646140274365,2
0.8002285897332073,0.31072218603087903,0.31072218603087903,17.825117111206055,0.6472576551911251,21.774094888030753,154.96421398079207,28.55475897629107,300,0.514984130859375,0.6472576551911251,2
0.5890731425734489,0.36171448200503364,0.36171448200503364,201.5168914794922,0.6456834004925212,244.58577118780013,96.08370052298385,58.70466637706426,301,0.514984130859375,0.6456834004925212,2
0.719250085430823,0.3168097627768128,0.3168097627768128,37.05363464355469,0.604777519919368,285.6816582721799,122.02950268968944,225.24618324932214,302,0.61798095703125,0.604777519919368,2
0.769953162492519,0.2862950977770171,0.2862950977770171,144.6511993408203,0.528701734814706,345.7725151644254,90.97947437090691,318.8938603729456,303,0.4119873046875,0.5287017348147058,2
0.8594595443769136,0.23970615797098643,0.23970615797098643,171.7312774658203,0.4137161036803441,46.03480226469793,26.055681230108853,357.8027910475301,304,0.4119873046875,0.413716103680344,2
